Second,Luminance,base line
0,166.9924183,base line
1,166.9920437,base line
2,166.9917756,base line
3,166.9919572,base line
4,166.9919409,base line
5,166.991991,base line
6,166.992189,base line
7,166.9920076,base line
8,166.9917778,base line
9,166.9918179,base line
10,166.9915957,base line
11,166.9917349,base line
12,166.9914308,base line
13,166.9918761,base line
14,166.9916726,base line
15,166.9918471,base line
16,166.9915143,base line
17,166.9918457,base line
18,166.9916326,base line
19,166.9916271,base line
20,166.991568,base line
21,166.9914877,base line
22,166.9915674,base line
23,166.9916664,base line
24,166.9914672,base line
25,166.9918081,base line
26,166.9920847,base line
27,166.9917115,base line
28,166.9916285,base line
29,166.9906987,base line
30,166.9914881,base line
31,166.9916942,base line
32,166.9913056,base line
33,166.9915064,base line
34,166.9918449,base line
35,166.9917402,base line
36,166.9917343,base line
37,166.9915815,base line
38,166.9917075,base line
39,166.9917649,base line
40,166.9918666,base line
41,166.9915326,base line
42,166.9920904,base line
43,166.9920792,base line
44,166.9920665,base line
45,166.9920359,base line
46,166.9922015,base line
47,166.9920768,base line
48,166.9919491,base line
49,166.9917906,base line
50,166.9921308,base line
51,166.9921112,base line
52,166.9922165,base line
53,166.9916797,base line
54,166.9924129,base line
55,166.9926049,base line
56,166.992351,base line
57,166.9920095,base line
58,166.9909082,base line
59,166.9910307,base line
60,166.9918713,base line
61,166.9916181,base line
62,166.9913708,base line
63,166.9916905,base line
64,166.9917674,base line
65,166.9917575,base line
66,166.991481,base line
67,166.9914515,base line
68,166.9918853,base line
69,166.9918932,base line
70,166.9916883,base line
71,166.9921332,base line
72,166.9920747,base line
73,166.9919634,base line
74,166.9920782,base line
75,166.9920385,base line
76,166.9921115,base line
77,166.9923122,base line
78,166.9922436,base line
79,166.9926556,base line
80,166.9928091,base line
81,166.9925888,base line
82,166.9920559,base line
83,166.9925694,base line
84,166.9920587,base line
85,166.9925002,base line
86,166.9920512,base line
87,166.9905297,base line
88,166.991604,base line
89,166.9912034,base line
90,166.9914469,base line
91,166.9912833,base line
92,166.9912082,base line
93,166.9907224,base line
94,166.991897,base line
95,166.9913436,base line
96,166.9917782,base line
97,166.9920913,base line
98,166.991798,base line
99,166.9913962,base line
100,166.9918803,base line
101,166.9923587,base line
102,166.9915094,base line
103,166.9918546,base line
104,166.9916325,base line
105,166.9912152,base line
106,166.9913422,base line
107,166.9918247,base line
108,166.9917079,base line
109,167.6267,
110,167.7071475,
111,167.8024125,
112,167.8850551,
113,167.8430341,
114,168.0165282,
115,168.0196353,
116,168.0308758,
117,168.0023916,
118,168.1005714,
119,168.0270065,
120,168.0320864,
121,167.9285012,
122,168.0449305,
123,167.9682634,
124,167.812406,
125,167.7839386,
126,167.8492784,
127,167.6930658,
128,167.6837639,
129,167.6615332,
130,167.7009916,
131,167.7953845,
132,168.0326504,
133,168.2231295,
134,168.390611,
135,168.3910136,
136,168.3912058,
137,168.3618612,
138,168.3435327,
139,168.4823923,
140,168.4823923,
141,168.503608,
142,168.4512377,
143,168.6506292,
144,168.6999553,
145,168.6910224,
146,168.5761348,
147,168.7373336,
148,168.7183841,
149,168.5230709,
150,168.4866706,
151,168.5303006,
152,168.3950159,
153,168.2546734,
154,168.1506538,
155,168.169004,
156,168.134541,
157,167.996948,
158,168.0522846,
159,168.2690252,
160,168.2690252,
161,168.2911725,
162,168.326069,
163,168.4934503,
164,168.6381144,
165,168.6381144,
166,168.5975282,
167,168.5584537,
168,168.6966085,
169,168.7313856,
170,168.7313856,
171,168.6758688,
172,168.7252281,
173,168.6338049,
174,168.5663955,
175,168.5322431,
176,168.6483129,
177,168.5915794,
178,168.4015169,
179,168.1678126,
180,168.2331762,
181,168.1778944,
182,168.0167388,
183,167.9250526,
184,167.9931585,
185,168.0026734,
186,167.9463621,
187,167.8337733,
188,167.8764188,
189,167.777397,
190,167.7809579,
191,167.7065182,
192,167.7583881,
193,167.7067013,
194,167.6667908,
195,167.6309401,
196,167.2108542,
197,167.2637964,
198,167.3431587,
199,167.4899084,
200,167.4765468,
201,167.6570357,
202,167.8088409,
203,167.880678,
204,167.8381745,
205,167.8991086,
206,167.9119268,
207,167.6984537,
208,167.4602337,
209,167.3295583,
210,167.3297746,
211,167.2889272,
212,167.2526406,
213,167.2691101,
214,167.2397644,
215,167.2447531,
216,167.2896088,
217,167.5206318,
218,167.6082007,
219,167.6450358,
220,167.6179982,
221,167.7574168,
222,167.7233561,
223,167.7541139,
224,167.6585152,
225,167.6179115,
226,167.7054977,
227,167.8710753,
228,168.0557425,
229,168.2063315,
230,168.3425855,
231,168.4240617,
232,168.4580008,
233,168.3355386,
234,168.2791835,
235,168.2727564,
236,168.2164375,
237,168.0459123,
238,168.0975953,
239,168.0914824,
240,168.0892683,
241,168.0966131,
242,168.3539494,
243,168.4906145,
244,168.5894859,
245,168.5413766,
246,168.6411006,
247,168.5899401,
248,168.4751438,
249,168.3113597,
250,168.3410571,
251,168.326533,
252,168.2044434,
253,168.0574548,
254,167.9074206,
255,167.9393283,
256,167.9612469,
257,167.9418768,
258,167.9205754,
259,168.015615,
260,168.0118489,
261,168.0036894,
262,167.9395088,
263,167.8648557,
264,167.7549112,
265,167.7495165,
266,167.6224273,
267,167.5020956,
268,167.2751849,
269,167.1118544,
270,167.1055611,
271,167.0845896,
272,166.9843746,
273,166.9811983,
274,166.9821369,
275,167.0324573,
276,167.0708738,
277,167.0608397,
278,167.0298091,
279,167.1221487,
280,167.131621,
281,167.1314714,
282,167.0338424,
283,166.9076559,
284,167.0251801,
285,167.0304298,
286,167.0427849,
287,167.0877903,
288,167.2919102,
289,167.3650654,
290,167.3582365,
291,167.3172577,
292,167.3684973,
293,167.2582564,
294,167.2059533,
295,167.1964364,
296,167.3145973,
297,167.2881679,
298,167.248776,
299,167.2074317,
300,167.2990124,
301,167.3586364,
302,167.5426059,
303,167.5924624,
304,167.725128,
305,167.7203769,
306,167.7628618,
307,167.7467599,
308,167.8683915,
309,167.8810005,
310,167.8773076,
311,167.7988506,
312,167.584841,
313,167.6575376,
314,167.6276546,
315,167.6245027,
316,167.6079143,
317,167.6641777,
318,167.6349765,
319,167.6623035,
320,167.6500237,
321,167.7321402,
322,167.6451881,
323,167.5611007,
324,167.3663929,
325,167.3937186,
326,167.3470021,
327,167.2540314,
328,167.2045013,
329,167.3427289,
330,167.3439359,
331,167.3879882,
332,167.3611836,
333,167.4423442,
334,167.5928141,
335,167.5971491,
336,167.6141369,
337,167.7058582,
338,167.7250488,
339,167.6844746,
340,167.6643765,
341,167.5072249,
342,167.5640464,
343,167.4839236,
344,167.466521,
345,167.4672936,
346,167.486585,
347,167.400205,
348,167.4146767,
349,167.4699537,
350,167.4906564,
351,167.5404058,
352,167.5437222,
353,167.4191001,
354,167.3744002,
355,167.3744002,
356,167.3613582,
357,167.2674484,
358,167.2500223,
359,167.3302739,
360,167.3302739,
361,167.3342475,
362,167.4187289,
363,167.555266,
364,167.6840306,
365,167.6745096,
366,167.8282057,
367,167.900315,
368,167.9307945,
369,167.8666975,
370,167.7746655,
371,167.7997291,
372,167.7294464,
373,167.6500364,
374,167.4766104,
375,167.4966821,
376,167.4268404,
377,167.2579922,
378,167.0633573,
379,167.0739449,
380,167.0739449,
381,167.0795974,
382,167.0219287,
383,166.970522,
384,166.9259085,
385,166.9259085,
386,166.8921564,
387,167.0701312,
388,167.2495564,
389,167.3219043,
390,167.3037089,
391,167.3753543,
392,167.4578949,
393,167.6286291,
394,167.7653009,
395,167.8389152,
396,167.9271552,
397,168.0201798,
398,167.9710178,
399,167.797606,
400,167.804289,
401,167.8362821,
402,167.885357,
403,167.8980243,
404,167.9604831,
405,167.9604831,
406,167.9958323,
407,168.0392273,
408,168.145996,
409,168.0325176,
410,168.031965,
411,167.9490739,
412,167.9080941,
413,167.7905253,
414,167.6824688,
415,167.6596182,
416,167.6876333,
417,167.70292,
418,167.663455,
419,167.5399083,
420,167.5665438,
421,167.5802872,
422,167.5452374,
423,167.4072197,
424,167.5285406,
425,167.5352047,
426,167.5798918,
427,167.5672211,
428,167.5469624,
429,167.6109705,
430,167.6034227,
431,167.6137698,
432,167.6151459,
433,167.6693927,
434,167.6806478,
435,167.6830559,
436,167.6567289,
437,167.6944624,
438,167.6516132,
439,167.5817451,
440,167.5613995,
441,167.6385467,
442,167.4807545,
443,167.3741396,
444,167.2579032,
445,167.2845931,
446,167.2443751,
447,167.1364137,
448,167.0679287,
449,167.2152312,
450,167.2200302,
451,167.2564119,
452,167.2647157,
453,167.4167144,
454,167.5006611,
455,167.5013603,
456,167.4987582,
457,167.5532258,
458,167.6280128,
459,167.6500646,
460,167.639747,
461,167.6153327,
462,167.6865244,
463,167.6626225,
464,167.5672751,
465,167.539216,
466,167.579141,
467,167.5531319,
468,167.5087143,
469,167.3973571,
470,167.3641797,
471,166.9923285,base line
472,166.9920821,base line
473,166.9918749,base line
474,166.9921506,base line
475,166.992131,base line
476,166.9921955,base line
477,166.9924442,base line
478,166.9922747,base line
479,166.9920302,base line
480,166.9919959,base line
481,166.9918513,base line
482,166.9920043,base line
483,166.9917108,base line
484,166.9920705,base line
485,166.9919101,base line
486,166.9920405,base line
487,166.9917246,base line
488,166.99209,base line
489,166.9917746,base line
490,166.9919282,base line
491,166.9919206,base line
492,166.9917036,base line
493,166.9918474,base line
494,166.9918997,base line
495,166.9916593,base line
496,166.9919875,base line
497,166.9922171,base line
498,166.9917939,base line
499,166.9918016,base line
500,166.9910629,base line
501,166.9918208,base line
502,166.9919254,base line
503,166.9915914,base line
504,166.9918448,base line
505,166.9920867,base line
506,166.9919834,base line
507,166.9919134,base line
508,166.9918511,base line
509,166.9919666,base line
510,166.9920058,base line
511,166.9920715,base line
512,166.9917691,base line
513,166.9921224,base line
514,166.9921543,base line
515,166.9920603,base line
516,166.9920737,base line
517,166.9923743,base line
518,166.9920682,base line
519,166.9919152,base line
520,166.991923,base line
521,166.992049,base line
522,166.9920847,base line
523,166.9922582,base line
524,166.9917975,base line
525,166.9923876,base line
526,166.9924774,base line
527,166.9922689,base line
528,166.9919724,base line
529,166.9912907,base line
530,166.9913923,base line
531,166.992017,base line
532,166.991892,base line
533,166.9917325,base line
534,166.9918871,base line
535,166.9919568,base line
536,166.9922147,base line
537,166.9917351,base line
538,166.9914765,base line
539,166.9920151,base line
540,166.9922839,base line
541,166.9919532,base line
542,166.9922479,base line
543,166.9922334,base line
544,166.9922306,base line
545,166.992238,base line
546,166.9922013,base line
547,166.9922053,base line
548,166.9924173,base line
549,166.9923908,base line
550,166.9924697,base line
551,166.9928725,base line
552,166.9925688,base line
553,166.9920893,base line
554,166.9928861,base line
555,166.9922093,base line
556,166.9924098,base line
557,166.9922818,base line
558,166.9907785,base line
559,166.991691,base line
560,166.9915273,base line
561,166.9916897,base line
562,166.9915607,base line
563,166.9918136,base line
564,166.9915,base line
565,166.9921528,base line
566,166.9915667,base line
567,166.9917866,base line
568,166.992165,base line
569,166.992094,base line
570,166.9915454,base line
571,166.9920173,base line
572,166.992278,base line
573,166.9916949,base line
574,166.9917492,base line
575,166.992154,base line
576,166.9919444,base line
577,166.9919457,base line
578,166.9917753,base line
579,166.99152,base line
580,158.6149346,
581,158.6168353,
582,158.6179591,
583,158.6573587,
584,158.6403364,
585,158.6549934,
586,158.6594312,
587,158.66124,
588,158.6895288,
589,158.6970968,
590,158.7217691,
591,158.7338003,
592,158.6704055,
593,158.7107096,
594,158.7104335,
595,158.6860139,
596,158.578089,
597,158.3500804,
598,159.0550125,
599,161.9035993,
600,161.9060523,
601,162.0984617,
602,161.7623179,
603,161.4447752,
604,161.4501051,
605,161.1195698,
606,161.0030437,
607,160.9068499,
608,160.8390847,
609,160.8099907,
610,160.8309423,
611,160.7775482,
612,160.7165811,
613,160.7694805,
614,160.7751788,
615,160.8146149,
616,160.8531755,
617,160.8183091,
618,160.8690988,
619,160.8837597,
620,161.0361712,
621,161.1242974,
622,161.2229203,
623,161.3316849,
624,161.3257183,
625,161.5793073,
626,161.818992,
627,161.8532611,
628,161.8677856,
629,161.9249936,
630,161.8863196,
631,161.7723437,
632,161.6619029,
633,161.5771301,
634,161.408638,
635,161.1971925,
636,161.1041516,
637,161.1074139,
638,160.7711947,
639,160.3210469,
640,160.0095667,
641,159.762573,
642,159.7625259,
643,159.4996385,
644,158.9702939,
645,158.4479857,
646,157.7312866,
647,157.7275555,
648,157.1732462,
649,155.98558,
650,155.0451248,
651,155.0759139,
652,154.5683495,
653,154.3874225,
654,154.1724515,
655,153.9281932,
656,153.9310036,
657,154.0088795,
658,154.0279201,
659,154.0281209,
660,154.2717489,
661,154.2494914,
662,154.481767,
663,154.6343048,
664,154.8870737,
665,155.3428667,
666,155.3455355,
667,155.9249777,
668,156.316888,
669,156.8377863,
670,157.203851,
671,157.2030226,
672,157.4020162,
673,157.3886627,
674,157.4203985,
675,157.4203246,
676,157.8363295,
677,158.7696707,
678,159.3051626,
679,160.2454156,
680,160.2468862,
681,160.6009908,
682,160.8943426,
683,161.1799694,
684,161.9390125,
685,161.925419,
686,162.9083591,
687,163.805156,
688,164.1937939,
689,164.9433256,
690,164.9322004,
691,165.4844777,
692,166.0422237,
693,166.2569216,
694,166.2342306,
695,166.6323034,
696,167.3315206,
697,167.9127807,
698,167.8273608,
699,167.7865989,
700,167.5714978,
701,166.7315451,
702,165.8213492,
703,165.5662869,
704,165.5673842,
705,164.7026677,
706,164.5378327,
707,163.4986867,
708,162.931735,
709,162.9351439,
710,161.8593256,
711,160.2166465,
712,159.120236,
713,158.8387224,
714,158.8735939,
715,158.3752224,
716,158.3917743,
717,158.6930769,
718,158.7067149,
719,158.9149856,
720,158.9561415,
721,159.0044094,
722,159.3025284,
723,159.2624327,
724,159.3692111,
725,159.506122,
726,159.6062675,
727,159.8897871,
728,159.8572016,
729,160.1064171,
730,161.1913899,
731,162.7324425,
732,163.9748556,
733,164.6171184,
734,165.6657718,
735,166.6925386,
736,167.4544414,
737,167.4541396,
738,167.9279097,
739,168.958168,
740,170.0957043,
741,170.1337309,
742,170.9985421,
743,171.1773735,
744,171.7601067,
745,172.3416346,
746,172.3393926,
747,172.719184,
748,172.9011157,
749,173.3341872,
750,173.5208219,
751,173.543664,
752,173.8419892,
753,173.8604412,
754,173.5757097,
755,172.5385988,
756,172.5367545,
757,171.6843306,
758,171.2358538,
759,170.2518808,
760,169.3484369,
761,169.3503509,
762,169.1665682,
763,169.0533682,
764,168.6997033,
765,168.6826936,
766,168.299711,
767,167.8751557,
768,167.6635932,
769,167.2321467,
770,167.2329467,
771,166.972648,
772,166.7281598,
773,166.6774258,
774,166.5125232,
775,166.5136673,
776,166.3753828,
777,166.2727764,
778,166.1335866,
779,166.0870347,
780,166.1197151,
781,166.0288705,
782,166.0013296,
783,165.9947368,
784,165.9958937,
785,166.260142,
786,166.6024604,
787,167.3438356,
788,167.9138095,
789,167.9108429,
790,169.0336706,
791,169.9456222,
792,170.9075141,
793,171.8425746,
794,171.8700812,
795,173.5587083,
796,173.9103498,
797,173.8846719,
798,173.9466257,
799,173.9455412,
800,173.2865777,
801,173.1771542,
802,174.3058141,
803,174.7888153,
804,174.7865622,
805,175.0643843,
806,175.215764,
807,175.0900706,
808,175.0939163,
809,175.1750476,
810,175.848501,
811,176.374601,
812,176.5574906,
813,176.5626486,
814,176.6876218,
815,176.4969975,
816,177.025973,
817,177.0285167,
818,177.0442831,
819,176.3618142,
820,174.9056876,
821,174.0846482,
822,172.2664798,
823,172.2689977,
824,171.3686949,
825,170.8192497,
826,170.2092249,
827,169.9423488,
828,169.9528843,
829,169.8991549,
830,169.6320588,
831,169.2595741,
832,169.0893674,
833,169.1579008,
834,169.2197918,
835,168.9616429,
836,168.9606932,
837,168.5201436,
838,168.447704,
839,168.4906048,
840,168.7760972,
841,168.7638662,
842,169.1123223,
843,169.2770274,
844,169.4487131,
845,170.0771575,
846,170.0580269,
847,170.9862032,
848,171.40394,
849,172.1739832,
850,173.2763919,
851,173.2790302,
852,174.297958,
853,174.7420016,
854,175.2564613,
855,175.2541965,
856,175.3074526,
857,174.9147514,
858,174.703866,
859,174.5433919,
860,174.5588925,
861,175.3896851,
862,176.2440711,
863,176.666043,
864,177.3970047,
865,177.3947088,
866,178.0354443,
867,178.6931636,
868,178.9951954,
869,179.5364619,
870,179.5308865,
871,179.6323248,
872,179.4803655,
873,179.5173214,
874,179.5074169,
875,179.5019615,
876,179.3349196,
877,178.6623768,
878,178.5839805,
879,178.5793192,
880,179.2174746,
881,179.2133289,
882,178.7984154,
883,178.8613179,
884,178.8640915,
885,178.8780032,
886,178.4645012,
887,178.3704664,
888,178.4100776,
889,178.4121013,
890,178.465385,
891,178.0598206,
892,177.6175469,
893,177.3012079,
894,177.2994527,
895,176.4707505,
896,175.97458,
897,175.7382752,
898,175.7391983,
899,175.5958828,
900,175.2647985,
901,175.5177152,
902,175.6352335,
903,175.6350427,
904,175.5685227,
905,175.2691266,
906,175.29629,
907,175.0655493,
908,175.0707068,
909,174.9957028,
910,175.0275563,
911,175.0106226,
912,174.4625057,
913,174.4832297,
914,174.4149164,
915,174.3488309,
916,174.4462225,
917,175.24975,
918,175.2761059,
919,175.5966943,
920,176.1745703,
921,176.6932493,
922,176.6882511,
923,177.4713176,
924,177.8778826,
925,178.5515429,
926,178.9237723,
927,178.9246875,
928,178.7700983,
929,178.4778598,
930,177.6465956,
931,177.6427219,
932,177.8978224,
933,178.2987037,
934,179.4756469,
935,180.4094653,
936,180.3930782,
937,180.9225223,
938,181.0895768,
939,181.5851514,
940,181.8949042,
941,181.8983222,
942,181.2461709,
943,180.5234022,
944,179.6668474,
945,179.6789315,
946,179.7570334,
947,179.6006372,
948,179.2508116,
949,179.3039795,
950,179.3065381,
951,179.5423205,
952,178.9812118,
953,178.784331,
954,178.6840038,
955,178.6797207,
956,178.679149,
957,178.4252131,
958,178.2797552,
959,177.8945213,
960,177.8949253,
961,177.6178347,
962,177.420757,
963,177.3745836,
964,177.3747429,
965,177.5124763,
966,177.4760733,
967,177.1000368,
968,176.8817065,
969,176.8809786,
970,176.7136808,
971,176.8008082,
972,176.74831,
973,176.5581832,
974,176.5703523,
975,176.2924244,
976,176.5720818,
977,177.0124789,
978,177.3026012,
979,177.3058867,
980,177.9499146,
981,178.1871569,
982,178.2544335,
983,178.3057543,
984,178.3021493,
985,179.0266933,
986,180.1467734,
987,181.0571231,
988,181.0580288,
989,181.3733863,
990,181.6804012,
991,182.2601341,
992,183.1341953,
993,183.1357916,
994,183.5526748,
995,184.1908839,
996,183.9859933,
997,183.4962782,
998,183.4940301,
999,183.5459792,
1000,184.305997,
1001,184.5403813,
1002,183.5176207,
1003,183.5099426,
1004,182.4836806,
1005,181.6876484,
1006,181.9864578,
1007,181.118146,
1008,181.1246842,
1009,180.4008817,
1010,179.401709,
1011,179.6082124,
1012,179.6097708,
1013,157.6251747,
1014,157.1278893,
1015,155.828835,
1016,153.4284009,
1017,153.4314186,
1018,150.9334689,
1019,150.2175781,
1020,149.9417814,
1021,150.1128844,
1022,150.1138782,
1023,150.3352874,
1024,150.4255159,
1025,151.1670811,
1026,152.0059627,
1027,151.9856306,
1028,152.4961651,
1029,152.7408744,
1030,152.9987514,
1031,152.9972325,
1032,153.3222839,
1033,153.356657,
1034,153.4173819,
1035,153.4167064,
1036,153.488828,
1037,153.8304455,
1038,153.9361069,
1039,154.0057171,
1040,154.1474977,
1041,154.1770225,
1042,154.2410624,
1043,154.2392438,
1044,166.9923285,base line
1045,166.9920821,base line
1046,166.9918749,base line
1047,166.9921506,base line
1048,166.992131,base line
1049,166.9921955,base line
1050,166.9924442,base line
1051,166.9922747,base line
1052,166.9920302,base line
1053,166.9919959,base line
1054,166.9918513,base line
1055,166.9920043,base line
1056,166.9917108,base line
1057,166.9920705,base line
1058,166.9919101,base line
1059,166.9920405,base line
1060,166.9917246,base line
1061,166.99209,base line
1062,166.9917746,base line
1063,166.9919282,base line
1064,166.9919206,base line
1065,166.9914547,base line
1066,166.9917081,base line
1067,166.9917714,base line
1068,166.9916593,base line
1069,166.9918259,base line
1070,166.9917774,base line
1071,166.9916697,base line
1072,166.991718,base line
1073,166.9910426,base line
1074,166.9916194,base line
1075,166.9917456,base line
1076,166.9918961,base line
1077,166.9916327,base line
1078,166.9919196,base line
1079,166.9921838,base line
1080,166.9920195,base line
1081,166.9913962,base line
1082,166.9917743,base line
1083,166.9920368,base line
1084,166.9919906,base line
1085,166.9916849,base line
1086,166.9921941,base line
1087,166.9922439,base line
1088,166.9922067,base line
1089,166.9918648,base line
1090,166.9922107,base line
1091,166.9921686,base line
1092,166.9920639,base line
1093,166.9917416,base line
1094,166.9926011,base line
1095,166.9924446,base line
1096,166.9921776,base line
1097,166.9916732,base line
1098,166.9923989,base line
1099,166.9921738,base line
1100,166.9923558,base line
1101,166.9917538,base line
1102,166.9913828,base line
1103,166.9912404,base line
1104,166.9914947,base line
1105,166.9915013,base line
1106,166.9915549,base line
1107,166.9915887,base line
1108,166.9917789,base line
1109,166.991836,base line
1110,166.991442,base line
1111,166.9911622,base line
1112,166.9914764,base line
1113,166.9916715,base line
1114,166.9916761,base line
1115,166.9916704,base line
1116,166.9917211,base line
1117,166.9915049,base line
1118,166.9919478,base line
1119,166.9918021,base line
1120,166.992165,base line
1121,166.992129,base line
1122,166.9922058,base line
1123,166.9919824,base line
1124,166.9924835,base line
1125,166.9923437,base line
1126,166.992031,base line
1127,166.9923293,base line
1128,166.9923843,base line
1129,166.9926207,base line
1130,166.9919997,base line
1131,166.9910267,base line
1132,166.9909706,base line
1133,166.9912397,base line
1134,166.991314,base line
1135,166.9916026,base line
1136,166.9917502,base line
1137,166.9915931,base line
1138,166.9916917,base line
1139,166.9912446,base line
1140,166.9911898,base line
1141,166.9918123,base line
1142,166.9913228,base line
1143,166.9912632,base line
1144,166.9913535,base line
1145,166.9916265,base line
1146,166.9918572,base line
1147,166.9914352,base line
1148,166.9916256,base line
1149,166.9916959,base line
1150,166.9917003,base line
1151,166.9915839,base line
1152,166.9913457,base line
1153,165.7463497,
1154,165.7463442,
1155,165.8923212,
1156,165.8923212,
1157,165.5533206,
1158,165.5578616,
1159,165.6499884,
1160,165.4570236,
1161,165.4573349,
1162,165.5651379,
1163,165.5651379,
1164,165.464001,
1165,165.4639283,
1166,165.6795117,
1167,165.5592689,
1168,165.5592689,
1169,165.5213108,
1170,165.5276588,
1171,165.6309222,
1172,165.6309222,
1173,165.5234348,
1174,165.5321481,
1175,165.5321481,
1176,165.3419686,
1177,165.3418763,
1178,165.4262776,
1179,165.423056,
1180,165.3813598,
1181,165.1995785,
1182,165.0451362,
1183,165.1981764,
1184,165.2026147,
1185,165.0966111,
1186,165.0966241,
1187,165.087764,
1188,165.046017,
1189,165.046017,
1190,164.9863367,
1191,164.9817809,
1192,165.0328417,
1193,164.8847966,
1194,164.8705157,
1195,165.1532029,
1196,165.1532029,
1197,165.1619375,
1198,165.1618907,
1199,165.4197419,
1200,165.4128569,
1201,165.4128569,
1202,165.5589779,
1203,165.5679512,
1204,165.6427331,
1205,165.6427331,
1206,165.6513681,
1207,165.7442399,
1208,165.7442399,
1209,165.6670327,
1210,165.6670363,
1211,165.6608442,
1212,165.6608442,
1213,165.8197246,
1214,165.8404563,
1215,165.8404695,
1216,165.9807694,
1217,165.970054,
1218,165.9022674,
1219,165.9032709,
1220,166.0370181,
1221,165.9635496,
1222,165.958936,
1223,165.8832963,
1224,165.8763818,
1225,165.9696941,
1226,165.7175246,
1227,165.7149722,
1228,165.86392,
1229,165.86392,
1230,165.9015269,
1231,165.9014596,
1232,165.9533782,
1233,165.7649327,
1234,165.7702718,
1235,165.4785703,
1236,165.4728383,
1237,165.5522793,
1238,165.5522793,
1239,165.4685735,
1240,165.4271083,
1241,165.4271302,
1242,165.7428609,
1243,165.7428609,
1244,165.7492959,
1245,165.7894523,
1246,166.1459299,
1247,166.0820333,
1248,166.0848726,
1249,166.2674372,
1250,166.2674372,
1251,166.0975651,
1252,166.1036315,
1253,166.2837747,
1254,166.2456776,
1255,166.2456776,
1256,166.1503021,
1257,166.153554,
1258,166.2541193,
1259,166.1269772,
1260,166.1269486,
1261,166.166361,
1262,166.166361,
1263,165.83867,
1264,165.8386285,
1265,165.5322665,
1266,164.9110466,
1267,164.947433,
1268,164.69036,
1269,164.6038626,
1270,164.8137407,
1271,164.8137407,
1272,164.4719913,
1273,164.2374928,
1274,164.2492804,
1275,164.3980535,
1276,164.3980535,
1277,164.2100693,
1278,164.2112468,
1279,164.4018783,
1280,164.3010403,
1281,164.301012,
1282,164.4256279,
1283,164.4256279,
1284,164.301351,
1285,164.3014155,
1286,164.6475139,
1287,164.7451276,
1288,164.7451276,
1289,164.6849433,
1290,164.6761394,
1291,164.7858284,
1292,164.4593201,
1293,164.4592312,
1294,164.7743543,
1295,164.7743543,
1296,164.8037249,
1297,164.8051819,
1298,164.7103051,
1299,164.9922085,
1300,165.0055916,
1301,164.8943526,
1302,164.8941593,
1303,165.1358291,
1304,165.1358291,
1305,165.1360617,
1306,165.0999662,
1307,165.1017214,
1308,165.3203602,
1309,165.3203602,
1310,165.0266953,
1311,165.0270598,
1312,165.1683873,
1313,164.9827543,
1314,164.9817337,
1315,165.2127059,
1316,165.2127059,
1317,165.0598276,
1318,165.0598427,
1319,165.2063973,
1320,165.3259499,
1321,165.2926184,
1322,165.3542331,
1323,165.3594895,
1324,165.4451187,
1325,165.4451187,
1326,165.4493824,
1327,165.5019772,
1328,165.5019234,
1329,165.7605578,
1330,165.7605578,
1331,165.867051,
1332,165.9760438,
1333,166.0389646,
1334,166.1496206,
1335,166.1494307,
1336,166.3509134,
1337,166.3509134,
1338,166.3634865,
1339,166.2823117,
1340,166.3075264,
1341,166.4951741,
1342,166.5296916,
1343,166.4073267,
1344,166.4476083,
1345,166.7477028,
1346,166.9280089,
1347,166.9286256,
1348,167.4113157,
1349,167.3620148,
1350,167.4747898,
1351,167.4743256,
1352,167.7689796,
1353,167.9891767,
1354,167.9891767,
1355,168.3319889,
1356,168.3958458,
1357,169.0008635,
1358,168.9975471,
1359,169.6539668,
1360,170.2750292,
1361,170.2846381,
1362,171.10106,
1363,171.1260735,
1364,172.0645042,
1365,172.7989098,
1366,172.7989098,
1367,173.279152,
1368,173.2863132,
1369,173.5933519,
1370,173.5933519,
1371,173.7205242,
1372,174.3708404,
1373,174.3708404,
1374,174.6959494,
1375,174.6498726,
1376,175.2573438,
1377,175.2573438,
1378,175.7458959,
1379,175.4972102,
1380,175.4972102,
1381,174.9854715,
1382,175.0494465,
1383,174.8762067,
1384,166.9923285,base line
1385,166.9920821,base line
1386,166.9918749,base line
1387,166.9921506,base line
1388,166.992131,base line
1389,166.9921955,base line
1390,166.9924442,base line
1391,166.9922747,base line
1392,166.9920302,base line
1393,166.9919959,base line
1394,166.9918513,base line
1395,166.9920043,base line
1396,166.9917108,base line
1397,166.9920705,base line
1398,166.9919101,base line
1399,166.9920405,base line
1400,166.9917246,base line
1401,166.99209,base line
1402,166.9917746,base line
1403,166.9919282,base line
1404,166.9919206,base line
1405,166.9917036,base line
1406,166.9918474,base line
1407,166.9918997,base line
1408,166.9916593,base line
1409,166.9919875,base line
1410,166.9922171,base line
1411,166.9917939,base line
1412,166.9918016,base line
1413,166.9910628,base line
1414,166.9918125,base line
1415,166.9919036,base line
1416,166.9916336,base line
1417,166.9917509,base line
1418,166.9916133,base line
1419,166.9915623,base line
1420,166.99173,base line
1421,166.9920039,base line
1422,166.9918047,base line
1423,166.991901,base line
1424,166.9920008,base line
1425,166.9915978,base line
1426,166.9918536,base line
1427,166.9921595,base line
1428,166.9917745,base line
1429,166.9922126,base line
1430,166.9919192,base line
1431,166.991846,base line
1432,166.9916391,base line
1433,166.9915361,base line
1434,166.991746,base line
1435,166.9916603,base line
1436,166.991954,base line
1437,166.9915235,base line
1438,166.9920188,base line
1439,166.9920787,base line
1440,166.9919189,base line
1441,166.9918344,base line
1442,166.9913685,base line
1443,166.991545,base line
1444,166.9923048,base line
1445,166.9920524,base line
1446,166.9917148,base line
1447,166.9920136,base line
1448,166.9921148,base line
1449,166.9921142,base line
1450,166.9918144,base line
1451,166.9918873,base line
1452,166.9920164,base line
1453,166.9922635,base line
1454,166.9915771,base line
1455,166.9920925,base line
1456,166.992259,base line
1457,166.9922403,base line
1458,166.9922739,base line
1459,166.9923586,base line
1460,166.9921205,base line
1461,166.9925938,base line
1462,166.992227,base line
1463,166.9926923,base line
1464,166.9925625,base line
1465,166.9924264,base line
1466,166.9916515,base line
1467,166.9924353,base line
1468,166.9923119,base line
1469,166.992589,base line
1470,166.9915642,base line
1471,166.990969,base line
1472,166.9916799,base line
1473,166.9916388,base line
1474,166.9920564,base line
1475,166.9916254,base line
1476,166.9918501,base line
1477,166.9918407,base line
1478,166.9921884,base line
1479,166.9912605,base line
1480,166.9918686,base line
1481,166.991985,base line
1482,166.9919375,base line
1483,166.9915286,base line
1484,166.9919845,base line
1485,166.9920636,base line
1486,166.9921763,base line
1487,166.9916688,base line
1488,166.9922413,base line
1489,166.9921756,base line
1490,166.9920237,base line
1491,166.9917587,base line
1492,166.9917278,base line
1493,180.4853914,
1494,180.4915225,
1495,180.9000318,
1496,181.0907695,
1497,181.0092982,
1498,180.9916843,
1499,180.9362204,
1500,180.9362204,
1501,180.907514,
1502,180.9842979,
1503,180.7920202,
1504,180.6114809,
1505,180.590375,
1506,180.5903896,
1507,180.6033692,
1508,179.7154707,
1509,178.2637246,
1510,178.1216804,
1511,178.7948645,
1512,178.7950147,
1513,179.4044937,
1514,179.2625232,
1515,178.7937175,
1516,178.7236983,
1517,179.3054462,
1518,179.3054462,
1519,179.9552606,
1520,180.444242,
1521,180.5356293,
1522,180.361639,
1523,180.410978,
1524,180.410978,
1525,180.6082153,
1526,180.1709822,
1527,179.7620907,
1528,179.334728,
1529,178.8121962,
1530,178.8117173,
1531,178.5628818,
1532,178.3950359,
1533,178.3569569,
1534,178.3878573,
1535,178.7036882,
1536,178.6895696,
1537,179.0038173,
1538,179.5336886,
1539,180.2289637,
1540,180.8003402,
1541,181.1907544,
1542,181.1906251,
1543,181.4099517,
1544,181.2018869,
1545,181.0283653,
1546,180.8003465,
1547,180.5588111,
1548,180.5588111,
1549,180.201826,
1550,179.9633985,
1551,180.1428443,
1552,180.5997172,
1553,180.6844099,
1554,180.6844099,
1555,180.4479029,
1556,180.2042783,
1557,179.9427992,
1558,179.6457718,
1559,179.3099853,
1560,179.319638,
1561,179.1215677,
1562,178.7576095,
1563,178.5326985,
1564,178.5670848,
1565,178.544541,
1566,178.544541,
1567,178.117329,
1568,177.101415,
1569,174.755595,
1570,170.3407599,
1571,163.3154369,
1572,163.3272644,
1573,160.6895264,
1574,160.180378,
1575,159.9765852,
1576,160.342182,
1577,160.6234555,
1578,160.6234555,
1579,160.8708878,
1580,159.7281369,
1581,158.4266925,
1582,157.4303531,
1583,158.0382584,
1584,157.9533384,
1585,159.2640646,
1586,161.2496084,
1587,163.7493981,
1588,165.2102126,
1589,165.7604647,
1590,165.7678696,
1591,165.6770761,
1592,165.1183121,
1593,164.1364953,
1594,163.2191153,
1595,162.3530123,
1596,162.3530123,
1597,161.8168532,
1598,161.9421175,
1599,162.2451037,
1600,162.6965808,
1601,163.3007066,
1602,163.3073985,
1603,163.9715649,
1604,164.4897415,
1605,164.7606391,
1606,164.7297856,
1607,164.3340423,
1608,164.3340478,
1609,163.8005028,
1610,163.2981267,
1611,162.5611384,
1612,162.2290555,
1613,161.749397,
1614,161.749397,
1615,161.3251137,
1616,161.090804,
1617,160.9210967,
1618,160.9435501,
1619,161.1583718,
1620,161.1583718,
1621,161.4758362,
1622,161.9333112,
1623,162.4449305,
1624,162.9866967,
1625,163.4497747,
1626,163.4463343,
1627,164.008773,
1628,164.3169335,
1629,164.6592913,
1630,165.1388454,
1631,165.5033498,
1632,165.5033498,
1633,165.972425,
1634,166.13382,
1635,166.2325714,
1636,166.2698878,
1637,166.2280629,
1638,166.2163345,
1639,166.327446,
1640,166.2708296,
1641,166.0988957,
1642,165.96093,
1643,165.6941191,
1644,165.6941191,
1645,165.2355946,
1646,164.7440233,
1647,164.3582285,
1648,163.82209,
1649,163.3607349,
1650,163.3607364,
1651,163.2504316,
1652,163.3874509,
1653,163.4250604,
1654,163.2750482,
1655,162.969939,
1656,162.969939,
1657,162.6265059,
1658,162.5581545,
1659,162.7157977,
1660,162.8743978,
1661,163.0115115,
1662,163.0115115,
1663,163.079897,
1664,163.1807635,
1665,163.3188253,
1666,163.3878849,
1667,163.6075111,
1668,163.6075111,
1669,163.8287277,
1670,163.8320374,
1671,163.9439599,
1672,164.3802958,
1673,164.6718755,
1674,164.6718755,
1675,164.4954101,
1676,164.1722789,
1677,164.2289523,
1678,164.4479882,
1679,164.658128,
1680,164.659166,
1681,164.6528073,
1682,164.7063928,
1683,164.8692506,
1684,164.981251,
1685,165.003316,
1686,165.003316,
1687,164.9603266,
1688,164.7466488,
1689,164.3908449,
1690,164.0458164,
1691,163.7501325,
1692,163.75015,
1693,163.5627426,
1694,163.2966967,
1695,162.9210807,
1696,162.6622515,
1697,162.5598914,
1698,162.8886982,
1699,162.8886982,
1700,163.0996845,
1701,163.7301471,
1702,164.7785331,
1703,165.6584433,
1704,166.2122625,
1705,166.213514,
1706,167.0024921,
1707,167.9370823,
1708,168.7462307,
1709,169.8990999,
1710,170.8494102,
1711,170.8496976,
1712,171.7006546,
1713,172.3494901,
1714,172.8619876,
1715,173.2641648,
1716,173.2264471,
1717,173.2264471,
1718,172.9815168,
1719,172.6622225,
1720,172.2719984,
1721,171.9203249,
1722,171.7106336,
1723,171.7197636,
1724,171.6563478,
1725,171.4209702,
1726,171.4398261,
1727,171.4262534,
1728,171.3613132,
1729,171.3600176,
1730,171.3068456,
1731,171.3302973,
1732,171.2859813,
1733,171.1345162,
1734,170.9879005,
1735,170.9879005,
1736,170.7879089,
1737,170.7373215,
1738,170.8568016,
1739,171.0243611,
1740,171.1024931,
1741,171.0981376,
1742,171.1923783,
1743,171.2066596,
1744,171.1875177,
1745,170.9248484,
1746,170.7861654,
1747,170.7861654,
1748,170.6503781,
1749,170.3556574,
1750,170.0660206,
1751,169.5827804,
1752,168.9778968,
1753,168.9782063,
1754,168.3439046,
1755,167.9091436,
1756,167.678902,
1757,167.4398902,
1758,167.3267553,
1759,167.3183802,
1760,167.1881088,
1761,166.9310772,
1762,166.6455634,
1763,166.4166169,
1764,165.9583027,
1765,165.9655304,
1766,165.7603153,
1767,165.4237767,
1768,165.4202525,
1769,164.971132,
1770,164.9385804,
1771,164.9385804,
1772,164.6995374,
1773,164.8139766,
1774,165.0096921,
1775,165.4329985,
1776,165.7011118,
1777,165.7008653,
1778,166.3068733,
1779,166.9122839,
1780,167.112561,
1781,167.3188601,
1782,167.2877706,
1783,167.2368528,
1784,167.1022655,
1785,167.2340593,
1786,167.5122362,
1787,168.1848645,
1788,169.3479729,
1789,169.3479729,
1790,170.4104618,
1791,171.3515126,
1792,172.1008166,
1793,172.5714731,
1794,172.7057165,
1795,172.7030077,
1796,172.0417976,
1797,171.2373776,
1798,170.7207076,
1799,170.6717082,
1800,170.4819258,
1801,170.4819258,
1802,170.3227161,
1803,171.0090911,
1804,171.9909652,
1805,172.9707605,
1806,173.7403932,
1807,173.7794829,
1808,173.927645,
1809,173.4285221,
1810,172.5349798,
1811,171.6644757,
1812,170.6914213,
1813,170.6914213,
1814,170.0596311,
1815,169.6933212,
1816,169.3598481,
1817,169.2782391,
1818,169.3176174,
1819,169.3176174,
1820,169.598227,
1821,170.0572155,
1822,170.4037176,
1823,170.6251,
1824,170.9923751,
1825,170.9704871,
1826,171.2292148,
1827,171.3885964,
1828,170.8311229,
1829,170.2170382,
1830,169.6510928,
1831,169.6510928,
1832,169.3555944,
1833,168.6741175,
1834,167.6970384,
1835,167.5636744,
1836,167.7473043,
1837,167.7982186,
1838,167.5061852,
1839,166.6226178,
1840,165.0282597,
1841,163.6111698,
1842,162.7624039,
1843,162.7624039,
1844,162.1991547,
1845,161.9253704,
1846,161.8256228,
1847,161.6035426,
1848,161.4034235,
1849,161.4032088,
1850,161.2900579,
1851,160.9284624,
1852,160.4252074,
1853,159.8776095,
1854,159.7196871,
1855,159.7196871,
1856,159.7063028,
1857,159.8961488,
1858,160.3536462,
1859,160.9499249,
1860,161.7738097,
1861,161.7737747,
1862,162.7034684,
1863,163.4623482,
1864,164.1926882,
1865,164.852248,
1866,165.5416591,
1867,165.5416591,
1868,165.961858,
1869,166.1556777,
1870,166.5049939,
1871,166.7989686,
1872,166.6838833,
1873,166.6838833,
1874,166.3817951,
1875,166.1812103,
1876,165.8456593,
1877,165.534054,
1878,165.3108391,
1879,165.3201415,
1880,165.3454586,
1881,165.093958,
1882,164.4812087,
1883,164.001761,
1884,164.0873814,
1885,164.0873814,
1886,164.3882857,
1887,164.5267027,
1888,164.5949823,
1889,164.4179629,
1890,163.9282728,
1891,163.9286135,
1892,163.543601,
1893,163.2856152,
1894,163.0475388,
1895,162.9858025,
1896,163.1739138,
1897,162.9205146,
1898,162.920727,
1899,162.9064681,
1900,163.055435,
1901,163.069792,
1902,162.8883608,
1903,162.7784046,
1904,162.7791401,
1905,162.4805119,
1906,162.1951274,
1907,162.1764286,
1908,162.1645322,
1909,161.8782037,
1910,161.8755647,
1911,166.9923285,base line
1912,166.9920821,base line
1913,166.9918749,base line
1914,166.9921506,base line
1915,166.992131,base line
1916,166.9921955,base line
1917,166.9924442,base line
1918,166.9922747,base line
1919,166.9920302,base line
1920,166.9919959,base line
1921,166.9918513,base line
1922,166.9920043,base line
1923,166.9917108,base line
1924,166.9920705,base line
1925,166.9919101,base line
1926,166.9920405,base line
1927,166.9917246,base line
1928,166.99209,base line
1929,166.9917746,base line
1930,166.9919282,base line
1931,166.9919206,base line
1932,166.9916207,base line
1933,166.9916914,base line
1934,166.9917774,base line
1935,166.9916593,base line
1936,166.991918,base line
1937,166.9923215,base line
1938,166.9920726,base line
1939,166.9919852,base line
1940,166.9913903,base line
1941,166.9917649,base line
1942,166.9920301,base line
1943,166.9920191,base line
1944,166.9916459,base line
1945,166.992028,base line
1946,166.9920426,base line
1947,166.9918001,base line
1948,166.9915816,base line
1949,166.9917661,base line
1950,166.9919337,base line
1951,166.9919036,base line
1952,166.9915768,base line
1953,166.992195,base line
1954,166.9920438,base line
1955,166.9920844,base line
1956,166.991979,base line
1957,166.9922247,base line
1958,166.992073,base line
1959,166.9918284,base line
1960,166.991615,base line
1961,166.9922042,base line
1962,166.992158,base line
1963,166.9921332,base line
1964,166.9916795,base line
1965,166.9922181,base line
1966,166.9921056,base line
1967,166.991911,base line
1968,166.991595,base line
1969,166.9916599,base line
1970,166.9916782,base line
1971,166.9920261,base line
1972,166.9920753,base line
1973,166.9918605,base line
1974,166.9919171,base line
1975,166.9919276,base line
1976,166.9918346,base line
1977,166.9916357,base line
1978,166.9920042,base line
1979,166.9921567,base line
1980,166.9922957,base line
1981,166.9922128,base line
1982,166.9918934,base line
1983,166.9922041,base line
1984,166.9924047,base line
1985,166.9923203,base line
1986,166.9921016,base line
1987,166.9925288,base line
1988,166.9923028,base line
1989,166.992604,base line
1990,166.992608,base line
1991,166.9930029,base line
1992,166.9926247,base line
1993,166.9927675,base line
1994,166.9928363,base line
1995,166.9930565,base line
1996,166.9929121,base line
1997,166.992611,base line
1998,166.9920031,base line
1999,166.992473,base line
2000,166.9924717,base line
2001,166.9923782,base line
2002,166.9922981,base line
2003,166.9924362,base line
2004,166.992766,base line
2005,166.992654,base line
2006,166.9925384,base line
2007,166.9929535,base line
2008,166.9929118,base line
2009,166.9928151,base line
2010,166.9926719,base line
2011,166.9931311,base line
2012,166.9931084,base line
2013,166.9927216,base line
2014,166.9928962,base line
2015,166.9929921,base line
2016,166.993129,base line
2017,166.9929544,base line
2018,166.9925302,base line
2019,166.9927068,base line
2020,156.8578484,
2021,156.858566,
2022,157.428093,
2023,157.6749285,
2024,157.578289,
2025,157.8454232,
2026,157.8557462,
2027,157.8947807,
2028,157.5352746,
2029,157.5895637,
2030,157.5158388,
2031,157.5193799,
2032,157.3258513,
2033,156.5567601,
2034,156.4581538,
2035,156.1714159,
2036,156.1944732,
2037,156.2728568,
2038,156.0143498,
2039,155.8966167,
2040,156.3500245,
2041,156.3500245,
2042,156.4302406,
2043,156.2663331,
2044,156.9684813,
2045,158.1839245,
2046,158.1839245,
2047,158.5256727,
2048,158.9312214,
2049,158.3480419,
2050,158.9110699,
2051,158.9110699,
2052,159.8102046,
2053,160.0306671,
2054,160.1672191,
2055,159.9164668,
2056,159.9165065,
2057,159.772811,
2058,159.5899851,
2059,159.4212135,
2060,159.1472201,
2061,159.1498265,
2062,158.8956614,
2063,158.5512107,
2064,158.1106168,
2065,158.173347,
2066,158.1739423,
2067,157.8945764,
2068,157.8692355,
2069,158.1691777,
2070,158.0574048,
2071,158.0574048,
2072,158.1170662,
2073,158.3747711,
2074,158.5330168,
2075,158.3794583,
2076,158.3798004,
2077,158.8324072,
2078,158.1290116,
2079,158.4100882,
2080,158.5265647,
2081,158.5115806,
2082,158.1243962,
2083,158.1791036,
2084,158.1377204,
2085,157.767079,
2086,157.8305731,
2087,158.0772683,
2088,158.068919,
2089,157.4826754,
2090,157.3253594,
2091,157.3398341,
2092,157.0501849,
2093,156.2473934,
2094,156.4175552,
2095,156.3437596,
2096,156.3437596,
2097,156.3345852,
2098,156.4860107,
2099,156.5809987,
2100,156.537009,
2101,156.5369689,
2102,156.4247095,
2103,156.4110121,
2104,156.6526805,
2105,156.8687826,
2106,156.8602772,
2107,156.7931503,
2108,157.5783946,
2109,157.7202116,
2110,157.6682732,
2111,157.6627082,
2112,158.0429286,
2113,158.1629303,
2114,157.857297,
2115,157.8714144,
2116,157.8790862,
2117,158.1826773,
2118,158.3741014,
2119,158.1773443,
2120,158.1806246,
2121,158.1806246,
2122,158.4782984,
2123,158.5944819,
2124,158.963383,
2125,158.7085536,
2126,158.6957904,
2127,159.5912563,
2128,160.1569151,
2129,160.3968848,
2130,160.6073544,
2131,160.6095966,
2132,160.8511141,
2133,160.6281541,
2134,160.9458221,
2135,161.2519646,
2136,161.1270416,
2137,161.588358,
2138,161.7995495,
2139,162.2694887,
2140,162.620416,
2141,162.6205431,
2142,163.2452834,
2143,163.8844674,
2144,164.0397513,
2145,165.2951598,
2146,165.3043119,
2147,165.8241459,
2148,166.5198624,
2149,167.2955187,
2150,167.7951401,
2151,167.8049007,
2152,168.4155304,
2153,168.7655435,
2154,168.8753386,
2155,168.8311282,
2156,168.8321811,
2157,168.8278014,
2158,168.4077471,
2159,168.0220335,
2160,167.3970206,
2161,167.3985751,
2162,166.866563,
2163,166.1374421,
2164,164.8158131,
2165,164.2952214,
2166,164.3023416,
2167,163.8462582,
2168,163.3008466,
2169,162.7273275,
2170,162.4687772,
2171,162.4687772,
2172,162.3623552,
2173,162.2521414,
2174,162.436766,
2175,162.2711507,
2176,162.2649976,
2177,161.8780221,
2178,161.9738876,
2179,161.79104,
2180,161.6174821,
2181,161.597695,
2182,161.5009116,
2183,160.9042765,
2184,160.7974743,
2185,160.7614456,
2186,160.768401,
2187,160.8866046,
2188,160.6749401,
2189,160.2905579,
2190,160.5745778,
2191,160.5776495,
2192,160.4253439,
2193,160.1937201,
2194,160.0159786,
2195,159.6552098,
2196,159.6462319,
2197,159.066523,
2198,158.8975243,
2199,158.4371657,
2200,157.8227348,
2201,157.8525414,
2202,157.1777675,
2203,156.6051176,
2204,155.9158936,
2205,155.51255,
2206,155.51255,
2207,154.9576391,
2208,153.7324131,
2209,153.2248409,
2210,152.596653,
2211,152.596653,
2212,151.8986323,
2213,151.7370451,
2214,152.0627444,
2215,152.3353074,
2216,152.3388832,
2217,152.9155406,
2218,153.1941877,
2219,153.8812395,
2220,155.2927486,
2221,155.4434527,
2222,156.4820653,
2223,157.4694339,
2224,158.7899458,
2225,160.4254003,
2226,160.5276519,
2227,163.9321566,
2228,165.2045726,
2229,167.2852433,
2230,169.1899371,
2231,169.1906618,
2232,170.8683133,
2233,174.0414686,
2234,175.6622946,
2235,177.1397643,
2236,177.2289654,
2237,178.534568,
2238,180.1232549,
2239,181.8897084,
2240,182.6935802,
2241,182.7201605,
2242,183.4280422,
2243,184.3919385,
2244,184.8803196,
2245,185.9128397,
2246,185.9242307,
2247,186.4320812,
2248,186.8520328,
2249,187.2641206,
2250,187.6963177,
2251,187.7933149,
2252,188.1451017,
2253,188.4747856,
2254,188.6197573,
2255,188.6826263,
2256,188.7233536,
2257,188.7622093,
2258,188.7012509,
2259,188.5828591,
2260,188.3703934,
2261,188.4259359,
2262,188.064283,
2263,187.7775801,
2264,187.0221661,
2265,186.7384686,
2266,186.8001088,
2267,186.1904158,
2268,185.7982,
2269,185.5081984,
2270,184.8673816,
2271,184.9125398,
2272,184.5957148,
2273,184.2708902,
2274,183.9804677,
2275,183.6764276,
2276,183.7227762,
2277,183.1018093,
2278,182.7732974,
2279,182.485473,
2280,182.1150001,
2281,182.0934446,
2282,181.6161832,
2283,180.9316098,
2284,180.5721028,
2285,180.2349362,
2286,180.2752669,
2287,179.8987757,
2288,179.6077993,
2289,179.0980352,
2290,178.787292,
2291,178.8026663,
2292,178.5878567,
2293,177.9854113,
2294,177.9762255,
2295,177.4318305,
2296,177.4623324,
2297,177.0646075,
2298,177.0299279,
2299,176.5660567,
2300,176.3338394,
2301,176.2801569,
2302,175.8948925,
2303,175.9353919,
2304,175.36886,
2305,175.0488519,
2306,175.0826985,
2307,175.1477531,
2308,174.5648903,
2309,174.1348847,
2310,173.8213679,
2311,173.8385305,
2312,173.6850314,
2313,173.6765528,
2314,173.1231816,
2315,173.0134026,
2316,173.0478989,
2317,172.8973454,
2318,172.8313172,
2319,172.6491698,
2320,172.4022196,
2321,172.4142163,
2322,172.2633178,
2323,172.38647,
2324,172.2030245,
2325,172.0373634,
2326,172.0176187,
2327,171.9842242,
2328,172.0581609,
2329,171.9213364,
2330,171.781811,
2331,171.8458936,
2332,171.8471891,
2333,171.8208208,
2334,171.7036923,
2335,171.7341153,
2336,171.7407035,
2337,171.6072511,
2338,171.415141,
2339,171.2437616,
2340,171.348805,
2341,171.3609561,
2342,171.3694362,
2343,171.2539495,
2344,171.3000935,
2345,171.1960154,
2346,171.1905932,
2347,171.0092413,
2348,171.1668319,
2349,171.1300304,
2350,171.0353097,
2351,171.0300385,
2352,171.1767482,
2353,171.1933711,
2354,171.1511871,
2355,171.0446345,
2356,171.0658218,
2357,171.313348,
2358,171.4983901,
2359,171.5490574,
2360,171.8940069,
2361,171.8916229,
2362,172.0563523,
2363,172.1349964,
2364,172.6214382,
2365,172.766166,
2366,172.762202,
2367,172.7200599,
2368,172.6831419,
2369,172.887784,
2370,172.7801501,
2371,172.7574536,
2372,172.5558026,
2373,172.5665346,
2374,172.4000127,
2375,172.0434353,
2376,172.0416942,
2377,171.8547032,
2378,171.6723644,
2379,171.4743211,
2380,171.1453074,
2381,171.181637,
2382,171.119353,
2383,170.8255234,
2384,170.5979985,
2385,170.6235431,
2386,170.6452345,
2387,170.4745979,
2388,170.2824612,
2389,170.1615228,
2390,169.9280784,
2391,169.903365,
2392,166.9923285,base line
2393,166.9920821,base line
2394,166.9918749,base line
2395,166.9921506,base line
2396,166.992131,base line
2397,166.9921955,base line
2398,166.9924442,base line
2399,166.9922747,base line
2400,166.9920302,base line
2401,166.9919959,base line
2402,166.9918513,base line
2403,166.9920043,base line
2404,166.9917108,base line
2405,166.9920705,base line
2406,166.9919101,base line
2407,166.9920405,base line
2408,166.9917246,base line
2409,166.99209,base line
2410,166.9917746,base line
2411,166.9919282,base line
2412,166.9919206,base line
2413,166.9917036,base line
2414,166.9918474,base line
2415,166.9918997,base line
2416,166.9916593,base line
2417,166.9919875,base line
2418,166.9922171,base line
2419,166.9917939,base line
2420,166.9918016,base line
2421,166.9910629,base line
2422,166.9918208,base line
2423,166.9919254,base line
2424,166.9915914,base line
2425,166.9918448,base line
2426,166.9920867,base line
2427,166.9919834,base line
2428,166.9919134,base line
2429,166.9918511,base line
2430,166.9919666,base line
2431,166.9920058,base line
2432,166.9920715,base line
2433,166.9917691,base line
2434,166.9921224,base line
2435,166.9921543,base line
2436,166.9920603,base line
2437,166.9920737,base line
2438,166.9923743,base line
2439,166.9920682,base line
2440,166.9919152,base line
2441,166.991923,base line
2442,166.992049,base line
2443,166.9920847,base line
2444,166.9922582,base line
2445,166.9917975,base line
2446,166.9923876,base line
2447,166.9924774,base line
2448,166.9922689,base line
2449,166.9919724,base line
2450,166.9912907,base line
2451,166.9913923,base line
2452,166.992017,base line
2453,166.991892,base line
2454,166.9917325,base line
2455,166.9918871,base line
2456,166.9919568,base line
2457,166.9922147,base line
2458,166.9917351,base line
2459,166.9914765,base line
2460,166.9920151,base line
2461,166.9922839,base line
2462,166.9919532,base line
2463,166.9922479,base line
2464,166.9922334,base line
2465,166.9922306,base line
2466,166.992238,base line
2467,166.9922013,base line
2468,166.9922053,base line
2469,166.9924173,base line
2470,166.9923908,base line
2471,166.9924697,base line
2472,166.9928725,base line
2473,166.9925688,base line
2474,166.9920893,base line
2475,166.9928861,base line
2476,166.9922093,base line
2477,166.9924098,base line
2478,166.9922818,base line
2479,166.9907785,base line
2480,166.991691,base line
2481,166.9915273,base line
2482,166.9916897,base line
2483,166.9915607,base line
2484,166.9918136,base line
2485,166.9915,base line
2486,166.9921528,base line
2487,166.9915667,base line
2488,166.9917866,base line
2489,166.992165,base line
2490,166.992094,base line
2491,166.9915454,base line
2492,166.9920173,base line
2493,166.992278,base line
2494,166.9916949,base line
2495,166.9917492,base line
2496,166.992154,base line
2497,166.9919444,base line
2498,166.9919457,base line
2499,166.9917753,base line
2500,166.99152,base line
2501,158.3486662,
2502,158.4393615,
2503,158.4393413,
2504,158.4413644,
2505,158.448868,
2506,158.5146441,
2507,158.5033075,
2508,158.5084126,
2509,158.5132344,
2510,158.5372574,
2511,158.5583187,
2512,158.559911,
2513,158.5333442,
2514,158.5595068,
2515,158.5566647,
2516,158.5493214,
2517,158.5562095,
2518,158.5555921,
2519,158.5517799,
2520,158.5751338,
2521,158.5595295,
2522,158.5489304,
2523,158.5800457,
2524,158.5323036,
2525,158.494417,
2526,158.5610563,
2527,158.5680427,
2528,158.5602167,
2529,158.4388873,
2530,158.2440189,
2531,158.3720467,
2532,158.4035033,
2533,158.3901827,
2534,158.3834439,
2535,158.4171582,
2536,158.4330664,
2537,158.4342396,
2538,158.3675741,
2539,158.4134914,
2540,158.3775115,
2541,158.3944579,
2542,158.3162328,
2543,158.3979951,
2544,158.3995374,
2545,158.3844355,
2546,158.3018603,
2547,158.3536228,
2548,158.3456948,
2549,158.3480963,
2550,158.2261919,
2551,158.2169648,
2552,158.181044,
2553,158.1258174,
2554,157.9013651,
2555,157.9738386,
2556,158.1605354,
2557,158.3078182,
2558,158.2694012,
2559,158.2423131,
2560,158.2122756,
2561,158.2079146,
2562,158.1680997,
2563,158.1073399,
2564,158.1740509,
2565,158.184838,
2566,158.0382084,
2567,158.0001456,
2568,157.8735824,
2569,157.8099668,
2570,158.0974119,
2571,158.3576876,
2572,158.9270257,
2573,158.8892896,
2574,159.3222111,
2575,159.5595607,
2576,159.8904972,
2577,160.3332099,
2578,160.9883386,
2579,160.9616695,
2580,161.9992397,
2581,162.7146093,
2582,163.2997347,
2583,163.6803814,
2584,163.8974558,
2585,163.9210394,
2586,164.0613349,
2587,164.0155922,
2588,164.1792264,
2589,164.4304354,
2590,164.5454339,
2591,164.5438818,
2592,164.7526827,
2593,165.0094705,
2594,165.2001519,
2595,165.3536599,
2596,165.4442346,
2597,165.5297757,
2598,165.6537182,
2599,165.6571855,
2600,165.573933,
2601,165.7176189,
2602,165.7664324,
2603,165.7675672,
2604,165.7453566,
2605,165.9304871,
2606,165.992473,
2607,166.136381,
2608,166.1931903,
2609,166.2909157,
2610,166.2903737,
2611,166.1750474,
2612,165.9314726,
2613,165.9637043,
2614,165.8959147,
2615,165.89415,
2616,165.7578507,
2617,165.8361532,
2618,165.9238176,
2619,165.844347,
2620,165.594894,
2621,165.5191656,
2622,165.5702023,
2623,165.7426605,
2624,166.0339637,
2625,166.4464482,
2626,166.7166323,
2627,166.7179064,
2628,166.7815107,
2629,166.8105137,
2630,167.1069625,
2631,167.2724564,
2632,167.482171,
2633,167.4357538,
2634,167.6205028,
2635,167.8078304,
2636,167.9912631,
2637,167.9971504,
2638,168.2191233,
2639,168.2207109,
2640,168.1680872,
2641,168.0440292,
2642,168.1115936,
2643,168.1129818,
2644,168.066011,
2645,168.0192885,
2646,168.1926262,
2647,168.4494915,
2648,168.5801299,
2649,168.6082347,
2650,168.5136456,
2651,168.6080736,
2652,168.6618988,
2653,168.6964429,
2654,168.7610314,
2655,168.9171787,
2656,168.9420231,
2657,168.9439604,
2658,169.0058874,
2659,169.2548966,
2660,169.37923,
2661,169.6383306,
2662,169.7389065,
2663,169.8238674,
2664,169.902646,
2665,170.0882555,
2666,170.270433,
2667,170.5416695,
2668,170.7417981,
2669,170.7458259,
2670,170.7111987,
2671,170.7233576,
2672,170.655486,
2673,170.7554818,
2674,170.8530071,
2675,170.9101975,
2676,171.3009059,
2677,171.3277035,
2678,171.4444006,
2679,171.5018208,
2680,171.4629183,
2681,171.4115574,
2682,171.5796322,
2683,171.7287987,
2684,171.8506964,
2685,171.9267561,
2686,172.2301708,
2687,172.2097068,
2688,172.540999,
2689,172.8121485,
2690,173.171779,
2691,173.1791151,
2692,173.1456299,
2693,173.1140236,
2694,173.2924548,
2695,172.9952104,
2696,172.8114924,
2697,172.9464547,
2698,173.1497044,
2699,173.1386826,
2700,173.0852428,
2701,173.0047123,
2702,173.097857,
2703,173.0657803,
2704,173.0059633,
2705,173.0500966,
2706,173.1133825,
2707,173.0591223,
2708,173.0285689,
2709,173.0350579,
2710,172.9601593,
2711,172.9552678,
2712,172.9421176,
2713,172.9368549,
2714,172.9128978,
2715,172.8166135,
2716,172.3409603,
2717,172.3384235,
2718,172.0073431,
2719,171.7358098,
2720,171.7417828,
2721,171.9290158,
2722,172.1185993,
2723,172.1268312,
2724,172.0755527,
2725,172.1710088,
2726,172.3895283,
2727,172.6114082,
2728,172.562862,
2729,172.5760443,
2730,172.6218835,
2731,172.6719824,
2732,172.4841367,
2733,172.4054465,
2734,172.3971368,
2735,172.4075284,
2736,172.2648299,
2737,172.1478008,
2738,172.0958601,
2739,172.0133032,
2740,172.0077268,
2741,171.9371492,
2742,172.0870406,
2743,172.1906145,
2744,172.3392148,
2745,172.3817861,
2746,172.6761087,
2747,172.6714997,
2748,172.6430687,
2749,172.654461,
2750,172.7018022,
2751,172.7261863,
2752,172.6864474,
2753,172.6839656,
2754,172.7687314,
2755,172.8670799,
2756,172.90369,
2757,172.8926537,
2758,172.9783053,
2759,172.9853486,
2760,173.0208934,
2761,173.0221749,
2762,172.9439693,
2763,173.0581801,
2764,173.0908507,
2765,173.0914706,
2766,173.0845703,
2767,173.195476,
2768,173.1879055,
2769,173.2132536,
2770,173.1695198,
2771,173.2270176,
2772,173.2768566,
2773,173.2778933,
2774,173.2138681,
2775,173.3943166,
2776,173.4535212,
2777,173.4302073,
2778,173.4433537,
2779,173.5493543,
2780,173.5592918,
2781,173.6661589,
2782,173.6397478,
2783,173.6620935,
2784,173.696237,
2785,173.7011034,
2786,173.6687464,
2787,166.9923285,base line
2788,166.9920821,base line
2789,166.9918749,base line
2790,166.9921506,base line
2791,166.992131,base line
2792,166.9921955,base line
2793,166.9924442,base line
2794,166.9922747,base line
2795,166.9920302,base line
2796,166.9919959,base line
2797,166.9918513,base line
2798,166.9920043,base line
2799,166.9917108,base line
2800,166.9920705,base line
2801,166.9919101,base line
2802,166.9920405,base line
2803,166.9917246,base line
2804,166.99209,base line
2805,166.9917746,base line
2806,166.9919282,base line
2807,166.9919206,base line
2808,166.9917036,base line
2809,166.991629,base line
2810,166.9917413,base line
2811,166.9916593,base line
2812,166.9917613,base line
2813,166.9920547,base line
2814,166.9918049,base line
2815,166.9918016,base line
2816,166.9910123,base line
2817,166.9917339,base line
2818,166.9919612,base line
2819,166.9918103,base line
2820,166.9916723,base line
2821,166.9920007,base line
2822,166.9920936,base line
2823,166.9921339,base line
2824,166.9917518,base line
2825,166.9919968,base line
2826,166.9922057,base line
2827,166.9921518,base line
2828,166.9916229,base line
2829,166.9923963,base line
2830,166.992225,base line
2831,166.9922867,base line
2832,166.9919657,base line
2833,166.9924318,base line
2834,166.9922597,base line
2835,166.992159,base line
2836,166.9917013,base line
2837,166.9924205,base line
2838,166.9920214,base line
2839,166.9921381,base line
2840,166.9915199,base line
2841,166.9924879,base line
2842,166.9924329,base line
2843,166.9921565,base line
2844,166.9919881,base line
2845,166.9913828,base line
2846,166.9911448,base line
2847,166.9914161,base line
2848,166.9914121,base line
2849,166.9915549,base line
2850,166.9917258,base line
2851,166.9915197,base line
2852,166.9917677,base line
2853,166.9913773,base line
2854,166.9912263,base line
2855,166.9915918,base line
2856,166.9918133,base line
2857,166.9917852,base line
2858,166.9918384,base line
2859,166.9919835,base line
2860,166.9919459,base line
2861,166.9919757,base line
2862,166.9915386,base line
2863,166.9919066,base line
2864,166.9920813,base line
2865,166.9918501,base line
2866,166.9917747,base line
2867,166.9921174,base line
2868,166.9921345,base line
2869,166.9919227,base line
2870,166.991889,base line
2871,166.9920297,base line
2872,166.9925361,base line
2873,166.9918644,base line
2874,166.9921553,base line
2875,166.9925112,base line
2876,166.9923886,base line
2877,166.9924479,base line
2878,166.9923589,base line
2879,166.9930112,base line
2880,166.9928007,base line
2881,166.9928639,base line
2882,166.9927877,base line
2883,166.9928459,base line
2884,166.9930684,base line
2885,166.9928443,base line
2886,166.9924995,base line
2887,166.9930517,base line
2888,166.9929908,base line
2889,166.9932165,base line
2890,166.9928691,base line
2891,166.9932244,base line
2892,166.9931511,base line
2893,166.9930207,base line
2894,166.9928683,base line
2895,166.9930403,base line
2896,167.7432337,
2897,168.6221458,
2898,168.4726751,
2899,168.7952184,
2900,169.2010442,
2901,169.1037193,
2902,169.0010884,
2903,168.3400853,
2904,167.9965077,
2905,168.0292904,
2906,167.5076308,
2907,166.3361873,
2908,165.8296935,
2909,165.5639569,
2910,166.4794549,
2911,168.0426125,
2912,169.0934551,
2913,169.4759062,
2914,169.6173546,
2915,169.1519167,
2916,168.9805794,
2917,169.03214,
2918,168.8696464,
2919,169.0093965,
2920,169.5872739,
2921,169.7530184,
2922,169.2653269,
2923,169.176087,
2924,168.1811489,
2925,167.9739153,
2926,168.4478036,
2927,168.806723,
2928,169.6156774,
2929,169.6256998,
2930,168.5722981,
2931,168.0075461,
2932,168.0878364,
2933,168.2844269,
2934,168.2432394,
2935,168.4873571,
2936,168.7905823,
2937,169.6131228,
2938,170.0349303,
2939,170.3859018,
2940,170.1611194,
2941,169.649405,
2942,168.9309098,
2943,168.3214906,
2944,168.467111,
2945,168.8260024,
2946,168.5759843,
2947,168.4480169,
2948,168.3941547,
2949,168.524998,
2950,168.2980794,
2951,168.7155377,
2952,169.3470857,
2953,169.6162933,
2954,169.6061122,
2955,169.4944884,
2956,169.4451574,
2957,169.5370099,
2958,169.6876191,
2959,170.4153944,
2960,171.2584078,
2961,172.3548619,
2962,172.9052547,
2963,172.9679837,
2964,172.8412424,
2965,172.7372509,
2966,173.0052475,
2967,172.743292,
2968,171.9541927,
2969,171.3284697,
2970,170.5054586,
2971,169.9163145,
2972,169.5750826,
2973,169.5365266,
2974,169.3488345,
2975,169.7986213,
2976,171.0288168,
2977,172.1363231,
2978,172.2465959,
2979,172.2579944,
2980,172.0787459,
2981,171.7919491,
2982,171.5668774,
2983,171.912854,
2984,172.0435095,
2985,171.7924169,
2986,171.475044,
2987,171.1802922,
2988,171.0644333,
2989,171.0239926,
2990,170.8649814,
2991,170.3223809,
2992,170.6052812,
2993,170.9762123,
2994,170.748713,
2995,170.1601573,
2996,169.4657368,
2997,169.303089,
2998,169.4448189,
2999,169.4171173,
3000,169.3711526,
3001,169.3887632,
3002,169.6107199,
3003,169.6034614,
3004,170.1425956,
3005,170.3978815,
3006,170.1444248,
3007,170.1449391,
3008,170.8286069,
3009,171.1261153,
3010,171.0848186,
3011,170.6181749,
3012,170.2746701,
3013,170.1294013,
3014,169.455595,
3015,168.9468508,
3016,168.6935346,
3017,168.7204344,
3018,168.7579598,
3019,168.6955375,
3020,168.3407704,
3021,168.3289536,
3022,168.6534715,
3023,168.5619281,
3024,169.2120157,
3025,169.8109306,
3026,170.2308692,
3027,169.994589,
3028,169.1591652,
3029,168.2736898,
3030,168.2890216,
3031,168.4568375,
3032,168.1013931,
3033,168.3068096,
3034,168.1425811,
3035,167.549769,
3036,167.1914192,
3037,167.8174568,
3038,168.4107629,
3039,168.6724469,
3040,168.6455692,
3041,168.6229839,
3042,168.6060907,
3043,168.5434912,
3044,168.0903215,
3045,167.376388,
3046,166.9801706,
3047,167.5442426,
3048,167.8614808,
3049,167.95914,
3050,168.0522618,
3051,168.0330289,
3052,168.1358029,
3053,168.3884013,
3054,168.556183,
3055,168.2160245,
3056,167.9973835,
3057,167.5983248,
3058,167.4977372,
3059,167.5795011,
3060,167.7965531,
3061,167.7680477,
3062,167.9472177,
3063,167.9116238,
3064,167.5553968,
3065,167.1401319,
3066,166.5301201,
3067,165.7059177,
3068,165.2218133,
3069,164.805098,
3070,165.0751188,
3071,165.8117519,
3072,166.5428527,
3073,166.9189685,
3074,166.4958326,
3075,166.3587852,
3076,166.6466418,
3077,166.7157026,
3078,166.6807655,
3079,166.8665862,
3080,166.7560084,
3081,166.5231171,
3082,166.485772,
3083,166.5011144,
3084,166.4742117,
3085,166.2580845,
3086,166.444178,
3087,165.8086948,
3088,166.0420639,
3089,167.2021844,
3090,168.1110163,
3091,168.5624285,
3092,168.6413591,
3093,168.2181353,
3094,168.3129101,
3095,168.0784921,
3096,167.4941373,
3097,167.5429096,
3098,167.5028854,
3099,167.6533294,
3100,168.271762,
3101,168.318026,
3102,167.6579224,
3103,167.4788927,
3104,168.6281501,
3105,169.4400645,
3106,169.4259265,
3107,169.1647502,
3108,168.9364823,
3109,168.6536196,
3110,168.3354202,
3111,168.4535456,
3112,168.5146568,
3113,168.417595,
3114,168.5111749,
3115,169.1137433,
3116,169.5430276,
3117,169.6116288,
3118,169.6817657,
3119,169.234697,
3120,168.9288659,
3121,168.6332984,
3122,170.1123017,
3123,173.2059993,
3124,174.9453043,
3125,177.089886,
3126,177.3439722,
3127,176.8549329,
3128,175.9879944,
3129,166.9924183,base line
3130,166.9920437,base line
3131,166.9917756,base line
3132,166.9919572,base line
3133,166.9919409,base line
3134,166.991991,base line
3135,166.992189,base line
3136,166.9920076,base line
3137,166.9917778,base line
3138,166.9918179,base line
3139,166.9915957,base line
3140,166.9917349,base line
3141,166.9914308,base line
3142,166.9918761,base line
3143,166.9916726,base line
3144,166.9918471,base line
3145,166.9915143,base line
3146,166.9918457,base line
3147,166.9916326,base line
3148,166.9916271,base line
3149,166.991568,base line
3150,166.9914877,base line
3151,166.9915674,base line
3152,166.9916664,base line
3153,166.9914672,base line
3154,166.9918081,base line
3155,166.9920847,base line
3156,166.9917115,base line
3157,166.9916285,base line
3158,166.9906987,base line
3159,166.9914881,base line
3160,166.9916942,base line
3161,166.9913056,base line
3162,166.9915064,base line
3163,166.9918449,base line
3164,166.9917402,base line
3165,166.9917343,base line
3166,166.9915815,base line
3167,166.9917075,base line
3168,166.9917649,base line
3169,166.9918666,base line
3170,166.9915326,base line
3171,166.9920904,base line
3172,166.9920792,base line
3173,166.9920665,base line
3174,166.9920359,base line
3175,166.9922015,base line
3176,166.9920768,base line
3177,166.9919491,base line
3178,166.9917906,base line
3179,166.9921308,base line
3180,166.9921112,base line
3181,166.9922165,base line
3182,166.9916797,base line
3183,166.9924129,base line
3184,166.9926049,base line
3185,166.992351,base line
3186,166.9920095,base line
3187,166.9909006,base line
3188,166.9909583,base line
3189,166.9917265,base line
3190,166.9916522,base line
3191,166.9913827,base line
3192,166.9915775,base line
3193,166.9916481,base line
3194,166.991973,base line
3195,166.9913557,base line
3196,166.9912784,base line
3197,166.991804,base line
3198,166.9920877,base line
3199,166.9917043,base line
3200,166.9921805,base line
3201,166.9920587,base line
3202,166.9921131,base line
3203,166.9920604,base line
3204,166.9921016,base line
3205,166.9921935,base line
3206,166.992551,base line
3207,166.9922789,base line
3208,166.9924817,base line
3209,166.9929179,base line
3210,166.9925684,base line
3211,166.9919528,base line
3212,166.9927681,base line
3213,166.9922552,base line
3214,166.9924703,base line
3215,166.9922504,base line
3216,166.9904185,base line
3217,166.9913053,base line
3218,166.9911912,base line
3219,166.9913525,base line
3220,166.9912001,base line
3221,166.9916158,base line
3222,166.9914017,base line
3223,166.9919263,base line
3224,166.9913279,base line
3225,166.9915863,base line
3226,166.9919848,base line
3227,166.991866,base line
3228,166.9912771,base line
3229,166.9918532,base line
3230,166.9921179,base line
3231,166.9915974,base line
3232,166.9915997,base line
3233,166.9920441,base line
3234,166.9919471,base line
3235,166.9919842,base line
3236,166.99174,base line
3237,166.9915452,base line
3238,169.424125,
3239,169.4234826,
3240,169.4646758,
3241,169.4841815,
3242,169.4917485,
3243,169.5392659,
3244,169.5453156,
3245,169.5461427,
3246,169.5602775,
3247,169.5797304,
3248,169.5908175,
3249,169.5906172,
3250,169.5723288,
3251,169.5760192,
3252,169.6120489,
3253,169.6041,
3254,169.6140141,
3255,169.6405618,
3256,169.6230585,
3257,169.6233546,
3258,169.6375352,
3259,169.6479764,
3260,169.6528624,
3261,169.6533882,
3262,169.6233179,
3263,169.6258214,
3264,169.6593125,
3265,169.6607023,
3266,169.641119,
3267,169.6186238,
3268,169.6444031,
3269,169.6445763,
3270,169.6514512,
3271,169.65542,
3272,169.6728471,
3273,169.6729072,
3274,169.6710343,
3275,169.6709884,
3276,169.6686387,
3277,169.6746413,
3278,169.6757906,
3279,169.6506159,
3280,169.6752247,
3281,169.6751593,
3282,169.667977,
3283,169.6573059,
3284,169.685041,
3285,169.6832312,
3286,169.6817954,
3287,169.6811754,
3288,169.6964204,
3289,169.7067411,
3290,169.7022959,
3291,169.668595,
3292,169.6862972,
3293,169.6864576,
3294,169.6854765,
3295,169.6601687,
3296,169.6552151,
3297,169.654358,
3298,169.6620277,
3299,169.6714021,
3300,169.6806819,
3301,169.7042721,
3302,169.710722,
3303,169.7196517,
3304,169.7193987,
3305,169.7195934,
3306,169.7247544,
3307,169.7226478,
3308,169.7038921,
3309,169.733752,
3310,169.7336786,
3311,169.7267404,
3312,169.7106176,
3313,169.7409162,
3314,169.7403815,
3315,169.7381777,
3316,169.7379502,
3317,169.7417412,
3318,169.7532719,
3319,169.7545733,
3320,169.7340202,
3321,169.7576985,
3322,169.7582958,
3323,169.7596272,
3324,169.7581936,
3325,169.7321033,
3326,169.7384033,
3327,169.7300484,
3328,169.7301753,
3329,169.7489741,
3330,169.7625042,
3331,169.7579152,
3332,169.7661255,
3333,169.7447958,
3334,169.7457417,
3335,169.7694965,
3336,169.768337,
3337,169.7576616,
3338,169.7806792,
3339,169.7759973,
3340,169.7753184,
3341,169.7790139,
3342,169.7748699,
3343,169.7745741,
3344,169.7808446,
3345,169.7508515,
3346,169.7509055,
3347,169.7738293,
3348,169.7709104,
3349,169.7498762,
3350,169.7652328,
3351,169.4678166,
3352,169.4676588,
3353,169.4789415,
3354,169.4863825,
3355,169.5156752,
3356,169.5164933,
3357,169.5185186,
3358,169.5196934,
3359,169.5673332,
3360,169.5694306,
3361,169.5813439,
3362,169.582156,
3363,169.5881596,
3364,169.5886979,
3365,169.6066958,
3366,169.5950085,
3367,169.6237038,
3368,169.6260324,
3369,169.6065891,
3370,169.6081127,
3371,169.6466819,
3372,169.6385481,
3373,169.6605404,
3374,169.6430858,
3375,169.638271,
3376,169.6389222,
3377,169.6677549,
3378,169.6479022,
3379,169.658183,
3380,169.6620514,
3381,169.6248506,
3382,169.6263766,
3383,169.6402318,
3384,169.6641747,
3385,169.6704303,
3386,169.6475942,
3387,169.6396825,
3388,169.6436896,
3389,169.6588093,
3390,169.6682923,
3391,169.6617752,
3392,169.6694871,
3393,169.6743356,
3394,169.6740108,
3395,169.6517578,
3396,169.6715439,
3397,169.685169,
3398,169.6790629,
3399,169.6839363,
3400,169.685601,
3401,169.6983926,
3402,169.7073504,
3403,169.6923194,
3404,169.6837503,
3405,169.6872288,
3406,169.6873026,
3407,169.675062,
3408,169.6937962,
3409,169.6913331,
3410,169.6754189,
3411,169.656313,
3412,169.6457096,
3413,169.6781074,
3414,169.6934007,
3415,169.694014,
3416,169.6856627,
3417,169.7033912,
3418,169.7035322,
3419,169.7212424,
3420,169.7018607,
3421,169.7100376,
3422,169.7255538,
3423,169.7106369,
3424,169.7099424,
3425,169.7257918,
3426,169.7275374,
3427,169.7298971,
3428,169.7293477,
3429,169.7391077,
3430,169.7391368,
3431,169.7507658,
3432,169.7410623,
3433,169.7496741,
3434,169.7532776,
3435,169.7292638,
3436,169.7292491,
3437,169.7611087,
3438,169.7655139,
3439,169.7596531,
3440,169.7496413,
3441,169.7246084,
3442,169.7248579,
3443,169.7521825,
3444,169.7558314,
3445,169.7603326,
3446,169.7508038,
3447,169.7463269,
3448,169.7466564,
3449,169.7599469,
3450,169.7612141,
3451,169.7697575,
3452,169.7752055,
3453,169.7542887,
3454,169.755994,
3455,169.775723,
3456,169.7642165,
3457,169.7715694,
3458,169.7789448,
3459,169.77204,
3460,169.7731776,
3461,169.7707798,
3462,169.7591399,
3463,169.764976,
3464,169.7616102,
3465,169.4847775,
3466,169.4849076,
3467,168.1290803,
3468,165.705475,
3469,166.0733593,
3470,166.7286759,
3471,167.0480063,
3472,167.0492169,
3473,167.6882374,
3474,167.6109595,
3475,167.495263,
3476,167.6153393,
3477,167.7931084,
3478,167.7925141,
3479,167.8726288,
3480,167.8744798,
3481,167.8242408,
3482,167.7740158,
3483,167.7760979,
3484,167.7765777,
3485,167.7980103,
3486,167.8558901,
3487,167.9017389,
3488,167.8601046,
3489,167.7868345,
3490,167.7882255,
3491,167.6884375,
3492,167.6219856,
3493,167.5713691,
3494,167.5032932,
3495,167.4275479,
3496,167.428013,
3497,167.4115303,
3498,167.4205703,
3499,167.4484289,
3500,167.5120452,
3501,167.567041,
3502,167.5653803,
3503,167.6345261,
3504,167.6901532,
3505,167.7202853,
3506,167.7654959,
3507,167.848946,
3508,167.8506358,
3509,168.0271029,
3510,168.18001,
3511,168.2462046,
3512,168.1742747,
3513,167.9163496,
3514,167.9161143,
3515,167.5777674,
3516,167.5594915,
3517,167.5409044,
3518,167.5221648,
3519,167.5123097,
3520,167.5141617,
3521,167.5146058,
3522,167.5134543,
3523,167.5242771,
3524,166.9924183,base line
3525,166.9920437,base line
3526,166.9917756,base line
3527,166.9919572,base line
3528,166.9919409,base line
3529,166.991991,base line
3530,166.992189,base line
3531,166.9920076,base line
3532,166.9917778,base line
3533,166.9918179,base line
3534,166.9915957,base line
3535,166.9917349,base line
3536,166.9914308,base line
3537,166.9918761,base line
3538,166.9916726,base line
3539,166.9918471,base line
3540,166.9915143,base line
3541,166.9918457,base line
3542,166.9916326,base line
3543,166.9916271,base line
3544,166.991568,base line
3545,166.9914877,base line
3546,166.9915674,base line
3547,166.9916664,base line
3548,166.9914672,base line
3549,166.9918081,base line
3550,166.9920847,base line
3551,166.9917115,base line
3552,166.9916285,base line
3553,166.9907058,base line
3554,166.9914414,base line
3555,166.991659,base line
3556,166.9912861,base line
3557,166.9915068,base line
3558,166.9919471,base line
3559,166.9919739,base line
3560,166.9917862,base line
3561,166.9916202,base line
3562,166.9917139,base line
3563,166.991701,base line
3564,166.9916841,base line
3565,166.9915142,base line
3566,166.9914995,base line
3567,166.9914652,base line
3568,166.991664,base line
3569,166.9918517,base line
3570,166.9918772,base line
3571,166.9915678,base line
3572,166.9913942,base line
3573,166.9916159,base line
3574,166.9914821,base line
3575,166.9915856,base line
3576,166.991644,base line
3577,166.9908058,base line
3578,166.9916234,base line
3579,166.9916795,base line
3580,166.9915935,base line
3581,166.9910412,base line
3582,166.9911926,base line
3583,166.9912798,base line
3584,166.9918594,base line
3585,166.9914867,base line
3586,166.9912144,base line
3587,166.9912464,base line
3588,166.9912532,base line
3589,166.9913618,base line
3590,166.9912377,base line
3591,166.9910099,base line
3592,166.9914162,base line
3593,166.9919874,base line
3594,166.9913139,base line
3595,166.9918752,base line
3596,166.9917305,base line
3597,166.9920223,base line
3598,166.9915845,base line
3599,166.9918295,base line
3600,166.9920593,base line
3601,166.9922831,base line
3602,166.9914906,base line
3603,166.9924647,base line
3604,166.9924302,base line
3605,166.9919791,base line
3606,166.9911913,base line
3607,166.992534,base line
3608,166.9919543,base line
3609,166.9922221,base line
3610,166.9914455,base line
3611,166.9904727,base line
3612,166.9909357,base line
3613,166.9910174,base line
3614,166.9916212,base line
3615,166.9911644,base line
3616,166.99175,base line
3617,166.9916836,base line
3618,166.9918147,base line
3619,166.9910845,base line
3620,166.9916956,base line
3621,166.991864,base line
3622,166.9916647,base line
3623,166.9912015,base line
3624,166.9915481,base line
3625,166.9918815,base line
3626,166.9921918,base line
3627,166.9914448,base line
3628,166.992189,base line
3629,166.9919881,base line
3630,166.9918914,base line
3631,166.991102,base line
3632,166.9911929,base line
3633,168.878277,
3634,168.8515741,
3635,168.9382967,
3636,168.8346121,
3637,168.780587,
3638,168.890311,
3639,168.9115122,
3640,169.193617,
3641,169.3342248,
3642,169.2874849,
3643,169.0734432,
3644,168.8515365,
3645,168.6882375,
3646,168.4083684,
3647,168.1771963,
3648,167.5529616,
3649,167.6467771,
3650,167.8244148,
3651,167.9495893,
3652,168.0694136,
3653,168.2582085,
3654,168.235909,
3655,168.226398,
3656,168.2317005,
3657,168.5739416,
3658,168.7686289,
3659,168.8635959,
3660,168.8533586,
3661,168.7401201,
3662,168.3025616,
3663,168.3448579,
3664,168.1852756,
3665,168.3572413,
3666,168.1869113,
3667,168.3572039,
3668,168.3988582,
3669,168.446403,
3670,168.2308183,
3671,168.4139094,
3672,168.3984733,
3673,168.4571536,
3674,168.2700683,
3675,168.2000842,
3676,168.0005119,
3677,167.9551609,
3678,167.7255458,
3679,167.6763923,
3680,167.6785241,
3681,167.5469817,
3682,167.3365323,
3683,167.3527013,
3684,167.3980895,
3685,167.4037759,
3686,167.2422023,
3687,167.1751146,
3688,166.9269358,
3689,167.0301763,
3690,167.013586,
3691,166.7144295,
3692,166.7110093,
3693,166.7318017,
3694,166.7684654,
3695,166.7902967,
3696,167.0059041,
3697,167.1677116,
3698,167.0943449,
3699,166.9814001,
3700,166.9743923,
3701,166.8714322,
3702,166.9216328,
3703,167.0395417,
3704,167.1686543,
3705,167.3334875,
3706,167.4544143,
3707,167.3692891,
3708,167.6447356,
3709,167.7111701,
3710,167.5038167,
3711,167.3406571,
3712,167.2425501,
3713,167.1222892,
3714,166.9298784,
3715,166.7299749,
3716,166.8675644,
3717,166.7659343,
3718,166.6575685,
3719,166.6261264,
3720,166.3641608,
3721,166.4496506,
3722,166.3638078,
3723,166.2892894,
3724,166.3312415,
3725,166.3954152,
3726,166.444973,
3727,166.4169838,
3728,166.4810384,
3729,166.5972587,
3730,166.6557289,
3731,166.8526619,
3732,166.9403753,
3733,167.2301693,
3734,167.2903209,
3735,167.2025701,
3736,167.2313443,
3737,167.5729813,
3738,167.7187357,
3739,168.1528987,
3740,168.1579847,
3741,168.4941295,
3742,168.3747668,
3743,168.510159,
3744,168.412981,
3745,168.4476048,
3746,168.4069769,
3747,168.1820116,
3748,168.1581144,
3749,168.1487267,
3750,168.0102649,
3751,167.9749585,
3752,168.3141785,
3753,168.1913166,
3754,168.4464499,
3755,168.5876859,
3756,168.8107774,
3757,168.9076371,
3758,168.8543244,
3759,168.8830165,
3760,168.8420258,
3761,168.7221944,
3762,168.5973098,
3763,168.4596433,
3764,168.4711031,
3765,168.5749647,
3766,168.8320665,
3767,169.1252732,
3768,169.3554111,
3769,169.4923674,
3770,169.9850738,
3771,170.080357,
3772,170.1016886,
3773,169.8119738,
3774,170.0139574,
3775,169.7772171,
3776,170.0041801,
3777,170.1391022,
3778,170.289191,
3779,170.4900192,
3780,170.5369105,
3781,170.5105557,
3782,170.3025603,
3783,170.2788108,
3784,170.2832857,
3785,170.4746777,
3786,170.3681976,
3787,170.4028258,
3788,170.4381528,
3789,170.4686242,
3790,170.426511,
3791,170.5718399,
3792,170.4792695,
3793,170.3052952,
3794,169.8577714,
3795,169.7580965,
3796,169.6584277,
3797,169.6769736,
3798,169.5696932,
3799,169.679786,
3800,169.812029,
3801,169.7173447,
3802,169.3692781,
3803,169.3321762,
3804,169.3137154,
3805,169.4311558,
3806,169.3991883,
3807,169.1939756,
3808,169.4303591,
3809,169.5242016,
3810,169.5740808,
3811,169.5444382,
3812,169.4689346,
3813,169.3647454,
3814,169.1640821,
3815,168.972387,
3816,169.0944862,
3817,168.9598613,
3818,168.9242692,
3819,168.5648171,
3820,168.5504537,
3821,168.4038638,
3822,168.3232064,
3823,168.0595688,
3824,167.9462415,
3825,167.7764245,
3826,167.5640472,
3827,167.4700816,
3828,167.2772129,
3829,167.3342089,
3830,167.3118904,
3831,167.18139,
3832,167.4111205,
3833,167.4109172,
3834,167.3328992,
3835,167.3044666,
3836,167.5422978,
3837,167.7816006,
3838,167.8847074,
3839,167.8168284,
3840,167.7777186,
3841,167.8473762,
3842,167.7487736,
3843,167.5601113,
3844,167.5578832,
3845,167.7556335,
3846,167.8550037,
3847,167.9516743,
3848,167.8466562,
3849,167.8169522,
3850,167.7729996,
3851,167.7377156,
3852,167.6876075,
3853,167.8615281,
3854,167.7681461,
3855,167.6840709,
3856,167.5903605,
3857,167.674517,
3858,167.8376901,
3859,168.0223821,
3860,168.0146322,
3861,168.0837331,
3862,167.9513956,
3863,167.8945476,
3864,168.0004661,
3865,167.8232034,
3866,167.9193183,
3867,168.022742,
3868,168.0510627,
3869,168.075572,
3870,168.1676211,
3871,168.1421227,
3872,168.0748926,
3873,167.9224589,
3874,167.9082983,
3875,167.8998114,
3876,167.8114385,
3877,167.6334747,
3878,167.4302674,
3879,167.2142478,
3880,167.1782822,
3881,167.1546089,
3882,167.3281195,
3883,167.5693879,
3884,167.5418306,
3885,167.3556555,
3886,167.1274436,
3887,167.0135267,
3888,166.995954,
3889,166.9698622,
3890,166.9698317,
3891,167.2357462,
3892,167.5996592,
3893,167.7974807,
3894,167.9196622,
3895,168.0630011,
3896,167.9844421,
3897,167.6262049,
3898,167.400487,
3899,167.4022852,
3900,167.196666,
3901,167.1133063,
3902,166.9958525,
3903,167.0868163,
3904,167.0722626,
3905,167.0400667,
3906,167.1108587,
3907,167.4529369,
3908,167.5643717,
3909,167.6455845,
3910,167.6317652,
3911,167.770707,
3912,167.6967103,
3913,167.5151576,
3914,167.3024304,
3915,167.3029735,
3916,167.4701352,
3917,167.3763983,
3918,167.0083413,
3919,167.2001357,
3920,167.397576,
3921,167.5570426,
3922,167.5374079,
3923,167.2640268,
3924,167.3232838,
3925,167.3149942,
3926,167.1941494,
3927,167.0383447,
3928,167.0382844,
3929,167.0027473,
3930,167.1158337,
3931,167.1660289,
3932,167.4291167,
3933,167.577527,
3934,167.7729566,
3935,167.8076392,
3936,167.9873683,
3937,167.990352,
3938,168.0502146,
3939,167.9831254,
3940,167.9863464,
3941,167.7773143,
3942,167.6086955,
3943,167.4331848,
3944,167.6497656,
3945,167.701349,
3946,167.5902219,
3947,167.4212823,
3948,167.0672842,
3949,166.2724584,
3950,166.2601371,
3951,166.0497895,
3952,165.9187297,
3953,166.1793874,
3954,166.2185412,
3955,166.2468991,
3956,166.3866693,
3957,166.785154,
3958,166.674799,
3959,166.5347298,
3960,166.2501663,
3961,166.0428986,
3962,165.8009789,
3963,165.1628596,
3964,165.3679286,
3965,165.3748209,
3966,165.4118074,
3967,165.2772924,
3968,165.2872501,
3969,165.2574515,
3970,165.4085888,
3971,165.4893242,
3972,165.8495005,
3973,166.1643447,
3974,166.3184732,
3975,166.315738,
3976,166.4077737,
3977,166.3266331,
3978,166.2308129,
3979,166.1268014,
3980,166.029589,
3981,165.9747492,
3982,165.9884587,
3983,166.0198767,
3984,166.0660289,
3985,166.1062661,
3986,166.2203464,
3987,166.079551,
3988,166.0332713,
3989,166.0135084,
3990,166.267874,
3991,166.5460324,
3992,166.6689139,
3993,166.6129426,
3994,166.6662194,
3995,166.4919642,
3996,166.1991352,
3997,165.9149086,
3998,165.904021,
3999,165.7496069,
4000,166.9924183,base line
4001,166.9920437,base line
4002,166.9917756,base line
4003,166.9919572,base line
4004,166.9919409,base line
4005,166.991991,base line
4006,166.992189,base line
4007,166.9920076,base line
4008,166.9917778,base line
4009,166.9918179,base line
4010,166.9915957,base line
4011,166.9917349,base line
4012,166.9914308,base line
4013,166.9918761,base line
4014,166.9916726,base line
4015,166.9918471,base line
4016,166.9915143,base line
4017,166.9918457,base line
4018,166.9916326,base line
4019,166.9916271,base line
4020,166.991568,base line
4021,166.9914877,base line
4022,166.9915674,base line
4023,166.9916664,base line
4024,166.9914672,base line
4025,166.9918081,base line
4026,166.9920847,base line
4027,166.9917115,base line
4028,166.9916285,base line
4029,166.9906987,base line
4030,166.9914881,base line
4031,166.9916942,base line
4032,166.9913056,base line
4033,166.9915064,base line
4034,166.9918449,base line
4035,166.9917402,base line
4036,166.9917343,base line
4037,166.9915815,base line
4038,166.9917075,base line
4039,166.9917649,base line
4040,166.9918666,base line
4041,166.9915326,base line
4042,166.9920904,base line
4043,166.9920792,base line
4044,166.9920665,base line
4045,166.9920359,base line
4046,166.9922015,base line
4047,166.9920768,base line
4048,166.9912703,base line
4049,166.9917906,base line
4050,166.9916598,base line
4051,166.9916503,base line
4052,166.991997,base line
4053,166.9916797,base line
4054,166.9921554,base line
4055,166.992154,base line
4056,166.992079,base line
4057,166.9920095,base line
4058,166.9910669,base line
4059,166.9911123,base line
4060,166.9914793,base line
4061,166.9913317,base line
4062,166.9914778,base line
4063,166.9914247,base line
4064,166.9912187,base line
4065,166.9914102,base line
4066,166.9909186,base line
4067,166.9913187,base line
4068,166.991508,base line
4069,166.9915616,base line
4070,166.9912936,base line
4071,166.9916176,base line
4072,166.9918316,base line
4073,166.991869,base line
4074,166.991823,base line
4075,166.9919816,base line
4076,166.9920377,base line
4077,166.9921759,base line
4078,166.9919565,base line
4079,166.9927114,base line
4080,166.9923958,base line
4081,166.9923092,base line
4082,166.9913325,base line
4083,166.9922453,base line
4084,166.9924191,base line
4085,166.9927129,base line
4086,166.9921234,base line
4087,166.9906779,base line
4088,166.9912892,base line
4089,166.9910504,base line
4090,166.9914786,base line
4091,166.9905016,base line
4092,166.9915361,base line
4093,166.9913648,base line
4094,166.9915615,base line
4095,166.9908124,base line
4096,166.9913874,base line
4097,166.9914869,base line
4098,166.9914613,base line
4099,166.9909218,base line
4100,166.9914153,base line
4101,166.9917514,base line
4102,166.9916538,base line
4103,166.9908611,base line
4104,166.9916049,base line
4105,166.9916611,base line
4106,166.9917173,base line
4107,166.9909705,base line
4108,166.9912741,base line
4109,169.2745794,base line
4110,169.2762935,base line
4111,169.5801467,
4112,169.5695162,
4113,169.6545651,
4114,169.9206356,
4115,169.8935225,
4116,169.8943253,
4117,169.4905295,
4118,169.6729953,
4119,169.6451485,
4120,169.587539,
4121,169.4342935,
4122,169.4509333,
4123,169.5146507,
4124,169.3975912,
4125,169.0805983,
4126,169.0608102,
4127,168.8271636,
4128,168.8272449,
4129,168.482953,
4130,168.5420958,
4131,168.2299423,
4132,168.0245509,
4133,167.6259258,
4134,167.7283194,
4135,167.612024,
4136,167.4082345,
4137,167.048538,
4138,166.5760356,
4139,166.9449428,
4140,166.9464691,
4141,166.723067,
4142,166.3679395,
4143,166.4416569,
4144,166.2517624,
4145,166.1382539,
4146,166.1353748,
4147,166.3572756,
4148,166.3502692,
4149,166.3431508,
4150,165.8287673,
4151,166.6222847,
4152,166.6230984,
4153,166.8722848,
4154,167.0407388,
4155,167.5026692,
4156,167.5350215,
4157,167.0887486,
4158,167.0901031,
4159,167.3811729,
4160,167.534831,
4161,167.4221936,
4162,167.1494657,
4163,167.4580523,
4164,167.4663517,
4165,167.3494485,
4166,167.2461022,
4167,167.144208,
4168,167.6749203,
4169,167.9537622,
4170,167.9723518,
4171,168.0253428,
4172,168.5886644,
4173,169.1459795,
4174,169.2153063,
4175,169.6695426,
4176,169.6539013,
4177,170.0248235,
4178,170.3409741,
4179,170.6597259,
4180,170.6686883,
4181,170.5567151,
4182,170.5562654,
4183,170.9675594,
4184,171.2188516,
4185,171.4265891,
4186,171.4748541,
4187,171.7122401,
4188,171.7294368,
4189,171.8186727,
4190,171.5849815,
4191,171.6031189,
4192,171.707724,
4193,171.4993989,
4194,171.4924919,
4195,171.2439457,
4196,171.1317416,
4197,171.4532762,
4198,171.5050879,
4199,171.2706355,
4200,171.2705834,
4201,171.6825894,
4202,171.902191,
4203,172.0105802,
4204,172.0262177,
4205,172.424855,
4206,172.425932,
4207,172.8079015,
4208,172.9176439,
4209,173.6496287,
4210,173.9386022,
4211,174.0166734,
4212,174.0167762,
4213,174.6389025,
4214,175.0748981,
4215,175.2973104,
4216,175.1658174,
4217,175.520892,
4218,175.5205157,
4219,175.671271,
4220,175.5748225,
4221,176.071299,
4222,176.332702,
4223,176.2811317,
4224,176.2810243,
4225,176.2012598,
4226,176.6644547,
4227,176.9614462,
4228,177.05123,
4229,177.1296354,
4230,177.1242827,
4231,177.4071801,
4232,177.4829562,
4233,177.3270564,
4234,177.5856527,
4235,177.5344648,
4236,177.5354569,
4237,177.4758315,
4238,177.84194,
4239,178.1535578,
4240,178.3688696,
4241,178.5803693,
4242,178.5886349,
4243,179.0213463,
4244,179.313257,
4245,179.4198039,
4246,179.8943526,
4247,180.2360157,
4248,180.2351777,
4249,180.4061454,
4250,180.9736697,
4251,181.3406626,
4252,181.609302,
4253,181.7528997,
4254,181.6657647,
4255,182.1954909,
4256,182.5292959,
4257,182.953527,
4258,183.0042923,
4259,183.4569791,
4260,183.4569092,
4261,183.7703984,
4262,183.6330817,
4263,183.8761022,
4264,184.0097994,
4265,183.8368418,
4266,183.8364427,
4267,184.2292538,
4268,184.5062392,
4269,184.539058,
4270,184.5612689,
4271,185.0065081,
4272,185.007064,
4273,185.0563677,
4274,184.96363,
4275,185.2736973,
4276,185.4303878,
4277,185.273294,
4278,185.2730866,
4279,185.6672398,
4280,185.9194301,
4281,186.0541715,
4282,185.8924985,
4283,185.7005494,
4284,185.7041106,
4285,185.908005,
4286,185.8796998,
4287,185.5084192,
4288,186.0092238,
4289,185.7490392,
4290,185.5282322,
4291,184.9293106,
4292,184.2386975,
4293,183.2571967,
4294,182.2268834,
4295,181.7458828,
4296,181.118049,
4297,180.5233053,
4298,179.5838456,
4299,178.9310846,
4300,178.2777754,
4301,177.8238653,
4302,177.4552929,
4303,177.2279625,
4304,177.1945516,
4305,177.2501686,
4306,177.0531129,
4307,177.0699285,
4308,176.9914364,
4309,176.5359141,
4310,176.1633229,
4311,175.8287461,
4312,175.3873691,
4313,174.645863,
4314,173.9656512,
4315,173.4080841,
4316,172.6956244,
4317,172.3099811,
4318,172.153906,
4319,171.9107936,
4320,171.5098683,
4321,171.1741747,
4322,171.0680299,
4323,171.0206549,
4324,170.7491981,
4325,170.5682811,
4326,170.3993839,
4327,170.1891115,
4328,169.8533843,
4329,169.3792456,
4330,169.3767604,
4331,169.1523231,
4332,169.0378071,
4333,168.774063,
4334,168.7897442,
4335,168.6806949,
4336,168.316903,
4337,168.1066169,
4338,167.9934963,
4339,168.0937583,
4340,168.0792727,
4341,168.0300908,
4342,167.9110132,
4343,167.6316902,
4344,167.4441064,
4345,167.5844624,
4346,167.5301624,
4347,167.4471801,
4348,167.9432236,
4349,168.6281959,
4350,169.1737662,
4351,169.9253531,
4352,170.6285938,
4353,171.4139437,
4354,172.0762001,
4355,172.7535085,
4356,173.0727499,
4357,173.1783785,
4358,172.9737965,
4359,172.6017292,
4360,171.8661679,
4361,171.650893,
4362,171.6198085,
4363,171.7976235,
4364,171.8831509,
4365,172.2040499,
4366,172.4216615,
4367,173.0574827,
4368,173.6613284,
4369,174.3159387,
4370,175.1943519,
4371,175.9410582,
4372,176.8800204,
4373,177.8252867,
4374,178.4488538,
4375,179.2771408,
4376,179.5657545,
4377,179.4694615,
4378,179.0938503,
4379,178.5716665,
4380,177.0779559,
4381,175.2945537,
4382,173.4854222,
4383,171.6570951,
4384,168.9969039,
4385,165.9160561,
4386,161.9520283,
4387,158.0974623,
4388,155.110391,
4389,152.277318,
4390,149.1461757,
4391,145.506103,
4392,141.6472691,
4393,137.8077539,
4394,134.265603,
4395,129.6254141,
4396,125.8813264,
4397,123.3759274,
4398,121.383857,
4399,119.7942172,
4400,119.022006,
4401,118.5667973,
4402,118.1765532,
4403,119.9873642,
4404,122.3917865,
4405,125.8485893,
4406,128.9343946,
4407,130.4991118,
4408,131.4060477,
4409,129.876328,
4410,129.0346071,
4411,125.4970385,
4412,127.0522279,
4413,129.4209372,
4414,133.2502467,
4415,134.1079292,
4416,134.2482203,
4417,131.2478057,
4418,126.6194576,
4419,124.1219067,
4420,119.3115243,
4421,120.3074427,
4422,123.1513633,
4423,126.7586035,
4424,129.8762949,
4425,131.5864792,
4426,128.723947,
4427,126.4831814,
4428,124.8026175,
4429,120.9455162,
4430,122.8710832,
4431,125.6699624,
4432,128.5909714,
4433,131.5100904,
4434,131.9531396,
4435,127.9833663,
4436,125.9111499,
4437,122.0388854,
4438,122.2819875,
4439,126.0145054,
4440,128.8975233,
4441,131.7199147,
4442,134.057722,
4443,132.2321604,
4444,131.4496606,
4445,129.7287382,
4446,129.4006676,
4447,133.7303717,
4448,138.4013894,
4449,142.3001851,
4450,145.7717507,
4451,143.1367072,
4452,139.8111586,
4453,136.4443151,
4454,129.9215956,
4455,132.12803,
4456,134.9215974,
4457,138.9856837,
4458,140.6951879,
4459,141.3246928,
4460,136.7734837,
4461,134.1892382,
4462,130.5667209,
4463,131.345557,
4464,135.0253467,
4465,139.8616552,
4466,144.3574577,
4467,148.1146493,
4468,144.7018086,
4469,141.7715192,
4470,139.5586639,
4471,139.018608,
4472,141.6453113,
4473,151.3311075,
4474,164.8722131,
4475,177.881172,
4476,186.775854,
4477,186.9273669,
4478,186.9683243,
4479,186.8314294,
4480,186.8925055,
4481,186.9265049,
4482,186.800756,
4483,186.8353367,
4484,186.8803508,
4485,186.6819037,
4486,186.4548134,
4487,186.2736131,
4488,186.1019272,
4489,185.9128302,
4490,185.7381839,
4491,185.7184637,
4492,185.6689697,
4493,185.5288939,
4494,185.3124339,
4495,185.047934,
4496,185.1114852,
